text	date	manuscript	folio	columns	scribe
table of contents, not transcribed	1275–1325	NLW MS. Peniarth 16 part i	1r-2v	—	later hand
blank	1275–1325	NLW MS. Peniarth 16 part i	3r-4v	—	-
Pwyll y Pader o ddull Awstin Sant	1275–1325	NLW MS. Peniarth 16 part i	5r-6r	—	Peniarth 16 hand A
Pwyll y Pader o ddull Hu Sant	1275–1325	NLW MS. Peniarth 16 part i	6r-9r	—	Peniarth 16 hand A
Deuddeg Pwnc y Gredo	1275–1325	NLW MS. Peniarth 16 part i	9r-11r	—	Peniarth 16 hand B
missing	1275–1325	NLW MS. Peniarth 8 part i	1-2	—	
Ystoria Carolo Magno: Pererindod Siarlymaen, incomplete, beginning wanting	1275–1325	NLW MS. Peniarth 8 part i	3-19	—	Peniarth 8 hand A
Ystoria Carolo Magno: Chronicl Turpin	1275–1325	NLW MS. Peniarth 8 part i	20-49	—	Peniarth 8 hand A
Ystoria Carolo Magno: Cân Rolant	1275–1325	NLW MS. Peniarth 8 part i	49-74	—	Peniarth 8 hand A
Ystoria Carolo Magno: Chronicl Turpin	1275–1325	NLW MS. Peniarth 8 part i	74-84	—	Peniarth 8 hand A
missing	1275–1325	NLW MS. Peniarth 8 part i	85-86	—	
Ystoria Carolo Magno: Pererindod Siarlymaen, incomplete, beginning and end wanting	1275–1325	NLW MS. Peniarth 8 part i	1-14	—	Peniarth 8 hand A
A lacuna in the text indicates that two gatherings are missing here.	1275–1325	NLW MS. Peniarth 8 part i	-	—	-
Ystoria Carolo Magno: Chronicl Turpin, incomplete, beginning wanting	1275–1325	NLW MS. Peniarth 8 part i	15-19	—	Peniarth 8 hand A
Ystoria Carolo Magno: Cân Rolant, incomplete, end wanting	1275–1325	NLW MS. Peniarth 8 part i	19-30	—	Peniarth 8 hand A
A lacuna in the text indicates that two pages are missing here.	1275–1325	NLW MS. Peniarth 8 part i	-	—	-
Ystoria Carolo Magno: Cân Rolant, incomplete, end wanting	1275–1325	NLW MS. Peniarth 8 part i	31-34	—	Peniarth 8 hand A
missing	1275–1325	NLW MS. Peniarth 8 part ii	1-2	—	
Ystoria Carolo Magno: Pererindod Siarlymaen, incomplete, beginning wanting	1275–1325	NLW MS. Peniarth 8 part ii	3-19	—	Peniarth 8 hand A
Ystoria Carolo Magno: Chronicl Turpin	1275–1325	NLW MS. Peniarth 8 part ii	20-49	—	Peniarth 8 hand A
Ystoria Carolo Magno: Cân Rolant	1275–1325	NLW MS. Peniarth 8 part ii	49-74	—	Peniarth 8 hand A
Ystoria Carolo Magno: Chronicl Turpin	1275–1325	NLW MS. Peniarth 8 part ii	74-84	—	Peniarth 8 hand A
missing	1275–1325	NLW MS. Peniarth 8 part ii	85-86	—	
Ystoria Carolo Magno: Pererindod Siarlymaen, incomplete, beginning and end wanting	1275–1325	NLW MS. Peniarth 8 part ii	1-14	—	Peniarth 8 hand A
A lacuna in the text indicates that two gatherings are missing here.	1275–1325	NLW MS. Peniarth 8 part ii	-	—	-
Ystoria Carolo Magno: Chronicl Turpin, incomplete, beginning wanting	1275–1325	NLW MS. Peniarth 8 part ii	15-19	—	Peniarth 8 hand A
Ystoria Carolo Magno: Cân Rolant, incomplete, end wanting	1275–1325	NLW MS. Peniarth 8 part ii	19-30	—	Peniarth 8 hand A
A lacuna in the text indicates that two pages are missing here.	1275–1325	NLW MS. Peniarth 8 part ii	-	—	-
Ystoria Carolo Magno: Cân Rolant, incomplete, end wanting	1275–1325	NLW MS. Peniarth 8 part ii	31-34	—	Peniarth 8 hand A
Peredur, incomplete, beginning wanting	1275–1325	NLW MS. Peniarth 7	5r-11v	5-32	X85
blank	1275–1325	NLW MS. Peniarth 7	12r-12v	33-6	-
Peredur, incomplete, beginning wanting	1275–1325	NLW MS. Peniarth 7	13r-15v	37-48	X85
Ystoria Carolo Magno: Pererindod Siarlymaen, incomplete, end wanting	1275–1325	NLW MS. Peniarth 7	16r-18v	49-60	Peniarth 7 hand B
blank	1275–1325	NLW MS. Peniarth 7	19r-20v	61-68	-
Ystoria Carolo Magno: Pererindod Siarlymaen, incomplete, end wanting	1275–1325	NLW MS. Peniarth 7	21r-22v	69-76	Peniarth 7 hand B
blank	1275–1325	NLW MS. Peniarth 7	23r-24v	77-84	-
Ystoria Carolo Magno: Chronicl Turpin, incomplete, beginning wanting	1275–1325	NLW MS. Peniarth 7	25r-26v	85-92	Peniarth 7 hand B
blank	1275–1325	NLW MS. Peniarth 7	27r-27v	93-6	-
Ystoria Carolo Magno: Chronicl Turpin, incomplete, beginning wanting	1275–1325	NLW MS. Peniarth 7	28r-31v	97-112	Peniarth 7 hand B
blank	1275–1325	NLW MS. Peniarth 7	32r-32v	113-6	-
Ystoria Carolo Magno: Chronicl Turpin, incomplete, beginning wanting	1275–1325	NLW MS. Peniarth 7	33r-34v	117-124	Peniarth 7 hand B
Ystoria Carolo Magno: Cân Rolant	1275–1325	NLW MS. Peniarth 7	34v	124	Peniarth 7 hand B
blank	1275–1325	NLW MS. Peniarth 7	35r-35v	125-8	-
Ystoria Carolo Magno: Cân Rolant	1275–1325	NLW MS. Peniarth 7	36r-37v	129-36	Peniarth 7 hand B
blank	1275–1325	NLW MS. Peniarth 7	38r-38v	137-40	-
Ystoria Carolo Magno: Cân Rolant	1275–1325	NLW MS. Peniarth 7	39r-41v	141-52	Peniarth 7 hand B
blank	1275–1325	NLW MS. Peniarth 7	42r-42v	153-6	-
Ystoria Carolo Magno: Cân Rolant	1275–1325	NLW MS. Peniarth 7	43r-44v	157-164	Peniarth 7 hand B
blank	1275–1325	NLW MS. Peniarth 7	45r-45v	-	-
Ystoria Carolo Magno: Cân Rolant	1275–1325	NLW MS. Peniarth 7	46r-46v	165-9	Peniarth 7 hand B
Ystoria Carolo Magno: Chronicl Turpin, incomplete, beginning wanting	1275–1325	NLW MS. Peniarth 7	47r-48v	169-88	Peniarth 7 hand B
blank	1275–1325	NLW MS. Peniarth 7	49r-49v	177-80	-
Ystoria Carolo Magno: Chronicl Turpin, incomplete, beginning missing	1275–1325	NLW MS. Peniarth 7	50r-51v	173-88	Peniarth 7 hand B
blank	1275–1325	NLW MS. Peniarth 7	52r-52v	189-90	-
Ystoria Adda, incomplete, beginning wanting	1275–1325	NLW MS. Peniarth 7	53r-55v	193-204	Peniarth 7 hand B
Y Groglith, incomplete, end wanting	1275–1325	NLW MS. Peniarth 7	55r-58v	204-216	Peniarth 7 hand B
blank	1275–1325	NLW MS. Peniarth 7	59r-59v	217-218	-
Elen a'r Grog, incomplete beginning wanting	1275–1325	NLW MS. Peniarth 7	60r-62v	221-231	Peniarth 7 hand B
Ystoria Bilatus	1275–1325	NLW MS. Peniarth 7	62v-64r	231-237	Peniarth 7 hand B
Ystoria Judas	1275–1325	NLW MS. Peniarth 7	64r-65r	237-241	Peniarth 7 hand B
notes in a later hand	1275–1325	NLW MS. Peniarth 7	65r	241-242	unknown
Brut y Brenhinoedd, incomplete, beginning and end wanting	1275–1325	NLW MS. Peniarth 21	1r-39v	—	X85
Ystoria Lucidar, incomplete, beginning and end wanting	1275–1325	NLW MS. Peniarth 21	40r-41v	—	Peniarth 21 hand B
poetry, not transcribed	1275–1325	NLW MS. Peniarth 3 part ii	1-12	—	Peniarth 3 Hand A
blank	1275–1325	NLW MS. Peniarth 3 part ii	13-16	—	-
poetry, not transcribed	1275–1325	NLW MS. Peniarth 3 part ii	17-25	—	Peniarth 3 Hand B
Breuddwyd Pawl	1275–1325	NLW MS. Peniarth 3 part ii	25-29	—	Peniarth 3 hand B
Cynghorau Catwn	1275–1325	NLW MS. Peniarth 3 part ii	30-39	—	Peniarth 3 hand B
Ystoria Judas	1275–1325	NLW MS. Peniarth 3 part ii	40	—	Peniarth 3 hand B
Cyfraith Hywel Dda: Llyfr Blegywryd	1300–1350	Cambridge Trinity College MS. O.7.1	1r-35v	—	Gwilym Wasta
pages missing	1300–1350	Cambridge Trinity College MS. O.7.1	-	—	-
Cyfraith Hywel Dda: Llyfr Blegywryd	1300–1350	Cambridge Trinity College MS. O.7.1	36r-49v	—	Gwilym Wasta
pages missing	1300–1350	Cambridge Trinity College MS. O.7.1	-	—	-
Cyfraith Hywel Dda: Llyfr Blegywryd	1300–1350	Cambridge Trinity College MS. O.7.1	50r-60v	—	Gwilym Wasta
pages missing	1300–1350	Cambridge Trinity College MS. O.7.1	-	—	-
Cyfraith Hywel Dda: Llyfr Blegywryd	1300–1350	Cambridge Trinity College MS. O.7.1	61r-68v	—	Gwilym Wasta
Cyfraith Hywel Dda: Llyfr Blegywryd	1300–1350	NLW MS. Peniarth 36A	1r-47v	—	Gwilym Wasta
missing	1300–1350	NLW MS. Peniarth 36A	48-53	—	-
Cyfreithiau Hywel Dda: Llyfr Blegywryd	1300–1350	NLW MS. Peniarth 36A	54r-61v	—	Gwilym Wasta
missing	1300–1350	NLW MS. Peniarth 36A	62	—	-
Cyfraith Hywel Dda: Llyfr Blegywryd	1300–1350	NLW MS. Peniarth 36A	63r-63v	—	Gwilym Wasta
missing	1300–1350	NLW MS. Peniarth 36A	64	—	-
Cyfraith Hywel Dda: Llyfr Blegywryd	1300–1350	NLW MS. Peniarth 36A	65r-65v	—	Gwilym Wasta
missing	1300–1350	NLW MS. Peniarth 36A	66-67	—	-
Cyfraith Hywel Dda: Llyfr Blegywryd	1300–1350	NLW MS. Peniarth 36A	68r-70v	—	Gwilym Wasta
missing	1300–1350	NLW MS. Peniarth 36A	71	—	-
Cyfraith Hywel Dda: Llyfr Blegywryd	1300–1350	NLW MS. Peniarth 36A	72r-74v	—	Gwilym Wasta
Cyfraith Hywel Dda: Llyfr Blegywryd	1300–1350	NLW MS. Peniarth 36B	1-80	—	Gwilym Wasta
Cyfraith Hywel Dda: Llyfr Cyfnerth	1300–1350	Bodorgan MS.	1-100	—	Bodorgan hand A
Brut y Brenhinoedd	1300–1350	NLW MS. 3036 (Mostyn 117)	1-138	—	X86 (the Book of Taliesin scribe)
Achau cynnar	1300–1350	NLW MS. 3036 (Mostyn 117)	267-268	—	X86 (the Book of Taliesin scribe)
Brut y Brenhinoedd	1300–1350	NLW MS. 3036 (Mostyn 117)	139-266	—	X86 (the Book of Taliesin scribe)
Cyfraith Hywel Dda: Llyfr Cyfnerth	1300–1350	BL Cotton Cleopatra MS. A XIV	33r-106r	—	X86 (the Book of Taliesin scribe)
Geraint, incomplete, wanting beginning and end	1300–1350	NLW MS. Peniarth 6 part iv	17-48	—	X86 (the Book of Taliesin Scribe)
Cyfraith Hywel Dda: Llyfr Cyfnerth	1300–1350	BL Harley MS. 4353	1r-3v	—	X86 (the Book of Taliesin sribe)
blank	1300–1350	BL Harley MS. 4353	4-5	—	-
Cyfraith Hywel Dda: Llyfr Cyfnerth	1300–1350	BL Harley MS. 4353	6r-27v	—	X86 (the Book of Taliesin scribe)
notes in a later hand	1300–1350	BL Harley MS. 4353	28	—	-
Cyfraith Hywel Dda: Llyfr Cyfnerth	1300–1350	BL Harley MS. 4353	29r-46v	—	x86 (the Book of Taliesin scribe)
missing	1300–1350	BL Harley MS. 4353	38	—	-
Cyfraith Hywel Dda: Llyfr Cyfnerth	1300–1350	BL Harley MS. 4353	39r-46v	—	X86 (the Book of Taliesin scribe)
Cyfraith Hywel Dda: Llyfr Blegywryd	1300–1350	NLW MS. Peniarth 31	1r-32v	—	Peniarth 31 hand A
Llyfr Cynog	1300–1350	NLW MS. Peniarth 35	1r-19v	—	X87
Cyfraith Hywel Dda: Llyfr Iorwerth	1300–1350	NLW MS. Peniarth 35	20r-49v	—	X87
missing	1300–1350	NLW MS. Peniarth 35	50-51	—	-
Llyfr Cynghawsedd	1300–1350	NLW MS. Peniarth 35	52r-70v	—	Peniarth 35 hand B
missing	1300–1350	NLW MS. Peniarth 35	71-72	—	-
Llyfr Cynog	1300–1350	NLW MS. Peniarth 35	73r-76v	—	X87
Cyfraith Hywel Dda: Llyfr Iorwerth	1300–1350	NLW MS. Peniarth 35	77r-98v	—	X87
missing	1300–1350	NLW MS. Peniarth 35	99-100	—	-
Cyfraith Hywel Dda: Llyfr Iorwerth	1300–1350	NLW MS. Peniarth 35	101r-105v	—	X87
missing	1300–1350	NLW MS. Peniarth 35	106	—	-
Cyfraith Hywel Dda: Llyfr Iorwerth	1300–1350	NLW MS. Peniarth 35	107r-111v	—	X87
Damweiniau	1300–1350	NLW MS. Peniarth 35	112r-119v	—	X87
Cyfraith Hywel Dda: Llyfr Cyfnerth	1300–1350	NLW MS. Peniarth 37	1r-61r	—	X87
Llyfr y Damweiniau	1300–1350	NLW MS. Peniarth 37	61r-76v	—	X87
Cyfraith Hywel Dda: Llyfr Cyfnerth	1300–1350	NLW MS. Peniarth 37	77r-78v	—	X87
missing	1300–1350	NLW MS. Peniarth 45	1-5	—	-
Brut y Brenhinoedd	1300–1350	NLW MS. Peniarth 45	6-286	—	X87
Bonedd y Saint	1300–1350	NLW MS. Peniarth 45	286-291	—	X87
Bonedd Gwyr y Gogledd	1300–1350	NLW MS. Peniarth 45	291-2	—	X87
Y Rhagorau a geiff	1300–1350	NLW MS. Peniarth 45	292	—	X87
Trioedd Ynys Prydain	1300–1350	NLW MS. Peniarth 45	292-301	—	X87
Ystoria Carolo Magno: Chronicl Turpin; this section should follow page 27.	1300–1350	NLW MS. Peniarth 9	1r-9r	—	Ieuan Ysgolhaig
Ystoria Carolo Magno: Rhamant Otfel; the text continues on page 28	1300–1350	NLW MS. Peniarth 9	9r-10v	—	Ieuan Ysgolhaig
Ystoria Carolo Magno: Cân Rolant; this section should follow page 52 and preced page 25	1300–1350	NLW MS. Peniarth 9	11r-11v	—	Ieuan Ysgolhaig
Pages 25-26 should be here	1300–1350	NLW MS. Peniarth 9	-	—	-
Ystoria Carolo Magno: Cân Rolant; this section should follow page 26 and precede page 53	1300–1350	NLW MS. Peniarth 9	12r-12v	—	Ieuan Ysgolhaig
Ystoria Carolo Magno: Rhamant Otfel; this section should follow page 24 and precede page 38	1300–1350	NLW MS. Peniarth 9	13r-21v	—	Ieuan Ysgolhaig
blank	1300–1350	NLW MS. Peniarth 9	22r-22v	—	-
Ystoria Carolo Magno: Rhamant Otfel; this section should follow page 28 and preced page 13	1300–1350	NLW MS. Peniarth 9	23r-24v	—	Ieuan Ysgolhaig
Ystoria Carolo Magno: Cân Rolant; this section should follow page 11 and precede page 12	1300–1350	NLW MS. Peniarth 9	25r-26v	—	Ieuan Ysgolhaig
Ystoria Carolo Magno: Chronicl Turpin; this section should follow page 36	1300–1350	NLW MS. Peniarth 9	27r-27v	—	Ieuan Ysgolhaig
Ystoria Carolo Magno: Rhamant Otfel; this section should follow page 10 and precede page 23. One page is missing between pages 28 and 33	1300–1350	NLW MS. Peniarth 9	28r-28v	—	Ieuan Ysgolhaig
Ystoria Carolo Magno: Chronicl Turpin; beginning wanting. This section should precede page 36	1300–1350	NLW MS. Peniarth 9	29r-33v	—	Ieuan Ysgolhaig
Ystoria Carolo Magno: Cân Rolant; this section should follow page 58 and precede page 51. One page is missing between pages 34 and 51	1300–1350	NLW MS. Peniarth 9	34r-34v	—	Ieuan Ysgolhaig
Ystoria Carolo Magno: Chronicl TurpinAppendix: beginning wanting. This section should precede page 59	1300–1350	NLW MS. Peniarth 9	35r-35v	—	Ieuan Ysgolheic
Ystoria Carolo Magno: Chronicl Turpin; this section should follow page 33 and precede page 27. Several pages are missing between pages 36 and 27.	1300–1350	NLW MS. Peniarth 9	36r-36v	—	Ieuan Ysgolhaig
Ystoria Carolo Magno: Pererindod Siarlymaen; this section should follow page 57. One page is missing between pages 57 and 37	1300–1350	NLW MS. Peniarth 9	37r-37v	—	Ieuan Ysgolhaig
Ystoria Carolo Magno: Rhamant Otfel; this section should follow page 21 and precede page 55. One page is missing between pages 38 and 55.	1300–1350	NLW MS. Peniarth 9	38r-38v	—	Ieuan Ysgolhaig
Ystoria Carolo Magno: Pererindod Siarlymaen; this section should follow page 37. Several pages are missing between pages 37 and 39	1300–1350	NLW MS. Peniarth 9	39r	—	Ieuan Ysgolhaig
Ystoria Carolo Magno: Cân Rolant; beginning missing. This section should precede page 58	1300–1350	NLW MS. Peniarth 9	39v-50r	—	Ieuan Ysgolhaig
Page 58 should be here	1300–1350	NLW MS. Peniarth 9	-	—	-
Page 34 should be here	1300–1350	NLW MS. Peniarth 9	-	—	-
Ystoria Carolo Magno: Cân Rolant; this section should follow page 34 and precede page 11	1300–1350	NLW MS. Peniarth 9	51r-52v	—	Ieuan Ysgolhaig
Ystoria Carolo Magno: Cân Rolant; end missing. This section should follow page 12	1300–1350	NLW MS. Peniarth 9	53r-54v	—	Ieuan Ysgolhaig
Ystoria Carolo Magno: Rhamant Otfel; this section should follow page 38	1300–1350	NLW MS. Peniarth 9	55r-56v	—	Ieuan Ysgolhaig
one page missing	1300–1350	NLW MS. Peniarth 9	-	—	-
Ystoria Carolo Magno: Rhamant Otfel; end wanting	1300–1350	NLW MS. Peniarth 9	57r	—	Ieuan Ysgolhaig
Ystoria Carolo Magno: Pererindod Siarlymaen	1300–1350	NLW MS. Peniarth 9	57v	—	Ieuan Ysgolhaig
Ystoria Carolo Magno: Cân Rolant; this section shoud follow page 50 and precede page 34	1300–1350	NLW MS. Peniarth 9	58r-58v	—	Ieuan Ysgolheic
Ystoria Carolo Magno: Chronicl TurpinAppendix: this section should follow page 35	1300–1350	NLW MS. Peniarth 9	59r-64v	—	Ieuan Ysgolhaig
This page has been removed from the manuscript	1300–1350	NLW MS. Peniarth 9	65	—	-
Ystoria Carolo Magno: Chronicl Turpin: Appendix, end wanting	1300–1350	NLW MS. Peniarth 9	66r	—	Ieuan Ysgolhaig
Y Beibl yn Gymraeg	1300–1350	NLW MS. Peniarth 20	1-64	—	X88
Brut y Tywysogion	1300–1350	NLW MS. Peniarth 20	65-291	—	X88
Brut y Tywysogion, first continuation	1300–1350	NLW MS. Peniarth 20	292-293	—	X89
Brut y Tywysogion, second continuation	1300–1350	NLW MS. Peniarth 20	293-301	—	X89
Brut y Tywysogion, third continuation	1300–1350	NLW MS. Peniarth 20	301-302	—	X89
Cyfoesi Myrddin a Gwenddydd, not transcribed	1300–1350	NLW MS. Peniarth 20	302-305	—	several later hands
Gramadeg y Penceirddiaid	1300–1350	NLW MS. Peniarth 20	305-50	—	X88
Brut y Brenhinoedd	1300–1350	BL Cotton Cleopatra MS. B V part i	1r-108v	—	X89
Brenhinoedd y Saeson	1300–1350	BL Cotton Cleopatra MS. B V part i	109r-162v	—	X89
Cyfraith Hywel Dda: Llyfr Cyfnerth	1300–1350	BL Cotton Cleopatra MS. B V part i	165r-222v	—	Cotton Cleo B.v hand B
Ystoria Dared	1300–1350	BL Cotton Cleopatra MS. B V part i	223r-250v	—	X88
Brut y Brenhinoedd	1300–1350	BL Cotton Cleopatra MS. B V part iii	1r-108v	—	X89
Brenhinedd y Saeson	1300–1350	BL Cotton Cleopatra MS. B V part iii	109r-162v	—	X89
Cyfraith Hywel Dda: Llyfr Cyfnerth	1300–1350	BL Cotton Cleopatra MS. B V part iii	165r-222v	—	Cotton Cleo B.v hand B
Ystoria Dared	1300–1350	BL Cotton Cleopatra MS. B V part iii	223r-250v	—	X88
Brut y Brenhinoedd	1300–1350	Cardiff MS. 1.363 (Hafod 2)	2r-209v	—	Cardiff 1.363 hand A
Bonedd y Saint	1300–1350	Cardiff MS. 1.363 (Hafod 2)	209v-212r	—	Cardiff 1.363 hand A
Buchedd Fargred	1300–1350	NLW MS. Peniarth 14, pp.101-90	101-116	—	Peniarth 14 hand D
Mabinogi Iesu Grist	1300–1350	NLW MS. Peniarth 14, pp.101-90	116-136	—	Peniarth 14 hand D
Brut y Brenhinoedd, the Prophecies of Merlin	1300–1350	NLW MS. Peniarth 14, pp.101-90	136-151	—	Peniarth 14 hand D
Breuddwyd Pawl	1300–1350	NLW MS. Peniarth 14, pp.101-90	151-161	—	Peniarth 14 hand D
Ystoria Judas	1300–1350	NLW MS. Peniarth 14, pp.101-90	161-165	—	Peniarth 14 hand D
Ystoria Adda	1300–1350	NLW MS. Peniarth 14, pp.101-90	165-180	—	Peniarth 14 hand D
Peredur	1300–1350	NLW MS. Peniarth 14, pp.101-90	180-190	—	Peniarth 14 hand D
Brut y Brenhinoedd; incomplete, end wanting	1350	Cardiff MS. 1.362 (Hafod 1)	1r-104v	—	Cardiff 1.362 hand A
Ystoria Dared; incomplete, beginning and end wanting	1350	Cardiff MS. 1.362 (Hafod 1)	105r-118v	—	Cardiff 1.362 hand A
Brut y Brenhinoedd	1350	BL Cotton Cleopatra MS. B V part ii	1r-108v	—	X89
Brenhinedd y Saeson	1350	BL Cotton Cleopatra MS. B V part ii	109r-162v	—	X89
Cyfraith Hywel Dda: Llyfr Cyfnerth	1350	BL Cotton Cleopatra MS. B V part ii	165r-222v	—	Cotton Cleo B.v hand B
Ystoria Dared	1350	BL Cotton Cleopatra MS. B V part ii	223r-250v	—	X88
These pages contain text dealing with Charlemagne, however they are illegible as poetry has been written over them and they were subsequently stained with wormwood.	1350	NLW MS. Peniarth 10	1r-4v	—	-
Ystoria Carolo Magno: Pererindod Siarlymaen, incomplete, beginning and end wanting.	1350	NLW MS. Peniarth 10	5r-15v	—	Gruffudd Ddu
Ystoria Carolo Magno: Chronicl Turpin, incomplete, beginning wanting. Page 26v contains a drawing of Jesus on the cross	1350	NLW MS. Peniarth 10	16r-26v	—	Gruffudd Ddu
blank	1350	NLW MS. Peniarth 10	27r-27v	—	-
poetry, not transcribed	1350	NLW MS. Peniarth 10	27v	—	Gruffudd Ddu
Ystoria Carolo Magno: Chronicl Turpin	1350	NLW MS. Peniarth 10	28r-33v	—	Gruffudd Ddu
spell against pig flu, stained with wormwood and hence illegible	1350	NLW MS. Peniarth 10	33r	—	later hand
poetry, not transcribed	1350	NLW MS. Peniarth 10	33v-35v	—	late 15th century hand
Ystoria Carolo Magno: Cân Rolant	1350	NLW MS. Peniarth 10	36r-53r	—	Gruffudd Ddu
Ystoria Carolo Magno: Chronicl Turpin	1350	NLW MS. Peniarth 10	53r-58v	—	Gruffudd Ddu
poetry, not transcribed	1350	NLW MS. Peniarth 10	58v-59v	—	Gruffudd Ddu
poetry, not transcribed	1350	NLW MS. Peniarth 10	60r-71v	—	lage 15th century hand
blank	1350	Oxford Jesus College MS. 119 (The Book of the Anchorite of Llanddewi Brefi)	1r-3r	—	-
Enweu ystoryaeu y llyuyr hwnn yw y rei hynn	1350	Oxford Jesus College MS. 119 (The Book of the Anchorite of Llanddewi Brefi)	3v	—	X90 (the Anchorite of Llanddewibrefi)
blank	1350	Oxford Jesus College MS. 119 (The Book of the Anchorite of Llanddewi Brefi)	4r	—	-
At y Darlleawdyr	1350	Oxford Jesus College MS. 119 (The Book of the Anchorite of Llanddewi Brefi)	4v	—	X90 (the Anchorite of Llanddewibrefi)
Ystoria Licidar	1350	Oxford Jesus College MS. 119 (The Book of the Anchorite of Llanddewi Brefi)	5r-69v	—	X90 (the Anchorite of Llanddewibrefi)
Marwolaeth Mair	1350	Oxford Jesus College MS. 119 (The Book of the Anchorite of Llanddewi Brefi)	69v-77r	—	X90 (the Anchorite of Llanddewibrefi)
blank	1350	Oxford Jesus College MS. 119 (The Book of the Anchorite of Llanddewi Brefi)	77v	—	-
Ymborth yr Enaid	1350	Oxford Jesus College MS. 119 (The Book of the Anchorite of Llanddewi Brefi)	78r-92v	—	X90 (the Anchorite of Llanddewibrefi)
Buchedd Dewi	1350	Oxford Jesus College MS. 119 (The Book of the Anchorite of Llanddewi Brefi)	93r-103v	—	X90 (the Anchorite of Llanddewibrefi)
Buchedd Beuno	1350	Oxford Jesus College MS. 119 (The Book of the Anchorite of Llanddewi Brefi)	104r-110r	—	X90 (the Anchorite of Llanddewibrefi)
blank	1350	Oxford Jesus College MS. 119 (The Book of the Anchorite of Llanddewi Brefi)	110v	—	-
Ystoria Adrian ac Ipotis	1350	Oxford Jesus College MS. 119 (The Book of the Anchorite of Llanddewi Brefi)	111r-119r	—	X90 (the Anchorite of Llanddewibrefi)
Credo Athanasius	1350	Oxford Jesus College MS. 119 (The Book of the Anchorite of Llanddewi Brefi)	119r-121r	—	X90 (the Anchorite of Llanddewibrefi)
Pa ddelw y dylai dyn gredu y Dduw	1350	Oxford Jesus College MS. 119 (The Book of the Anchorite of Llanddewi Brefi)	121r-125r	—	X90 (the Anchorite of Llanddewibrefi)
Pwyll y Pader o dull Hu Sant	1350	Oxford Jesus College MS. 119 (The Book of the Anchorite of Llanddewi Brefi)	125r-128r	—	X90 (the Anchorite of Llanddewibrefi)
Rhinweddau Gwrando Offeren	1350	Oxford Jesus College MS. 119 (The Book of the Anchorite of Llanddewi Brefi)	128v-129r	—	X90 (the Anchorite of Llanddewibrefi)
Breuddwyd Pawl	1350	Oxford Jesus College MS. 119 (The Book of the Anchorite of Llanddewi Brefi)	129r-132v	—	X90 (the Anchorite of Llanddewibrefi)
Cadw dydd Sul	1350	Oxford Jesus College MS. 119 (The Book of the Anchorite of Llanddewi Brefi)	132v-134r	—	X90 (the Anchorite of Llanddewibrefi)
Rhybudd Gabriel	1350	Oxford Jesus College MS. 119 (The Book of the Anchorite of Llanddewi Brefi)	134r-134v	—	X90 (the Anchorite of Llanddewibrefi)
Efengyl Ieuan	1350	Oxford Jesus College MS. 119 (The Book of the Anchorite of Llanddewi Brefi)	134v-136r	—	X90 (the Anchorite of Llanddewibrefi)
Y Drindod yn un Duw	1350	Oxford Jesus College MS. 119 (The Book of the Anchorite of Llanddewi Brefi)	136r-137r	—	X90 (the Anchorite of Llanddewibrefi)
Gwlad Ieuan Fendigaid	1350	Oxford Jesus College MS. 119 (The Book of the Anchorite of Llanddewi Brefi)	137v-143v	—	X90 (the Anchorite of Llanddewibrefi)
Brut y Tywysogion, incomplete, beginning and end wanting, several pages missing	1350	NLW MS. Peniarth 18	1r-12v	—	X90 (the Anchorite of Llanddewibrefi)
Brut y Tywysogion, incomplete, beginning and end wanting, several pages missing	1350	NLW MS. Peniarth 18	13r-30v	—	Peniarth 18 hand B
Brut y Tywysogion, incomplete, beginning and end wanting, several pages missing	1350	NLW MS. Peniarth 18	31r-69v	—	X90 (the Anchorite of Llanddewibrefi)
Note on the manuscript in the hand of W.R.M. Wynne	1350	NLW MS. Peniarth 46	i r	—	W.R.M. Wynne
Note on the hand and date of the manuscript	1350	NLW MS. Peniarth 46	i v	—	later hand
Brut y Brenhinoedd	1350	NLW MS. Peniarth 46	1-64	—	X90 (the Anchorite of Llanddewibrefi)
Brut y Brenhinoedd	1350	NLW MS. Peniarth 46	65-80	—	J. Gwenogvryn Evans
Brut y Brenhinoedd	1350	NLW MS. Peniarth 46	81-112	—	X90 (the Anchorite of Llanddewibrefi)
Brut y Brenhinoedd	1350	NLW MS. Peniarth 46	113-128	—	J. Gwenogvryn Evans
Brut y Brenhinoedd	1350	NLW MS. Peniarth 46	129-182	—	X90 (the Anchorite of Llanddewibrefi)
Brut y Brenhinoedd	1350	NLW MS. Peniarth 46	183-186	—	J. Gwenogvryn Evans
Brut y Brenhinoedd	1350	NLW MS. Peniarth 46	187-208	—	X90 (the Anchorite of Llanddewibrefi)
Brut y Brenhinoedd	1350	NLW MS. Peniarth 46	209-210	—	J. Gwenogvryn Evans
Brut y Brenhinoedd	1350	NLW MS. Peniarth 46	211-240	—	X90 (the Anchorite of Llanddewibrefi)
Brut y Brenhinoedd	1350	NLW MS. Peniarth 46	241-244	—	J. Gwenogvryn Evans
Brut y Brenhinoedd	1350	NLW MS. Peniarth 46	245-252	—	X90 (the Anchorite of Llanddewibrefi)
Brut y Brenhinoedd	1350	NLW MS. Peniarth 46	253-256	—	J. Gwenogvryn Evans
Brut y Brenhinoedd	1350	NLW MS. Peniarth 46	257-258	—	X90 (the Anchorite of Llanddewibrefi)
Brut y Brenhinoedd	1350	NLW MS. Peniarth 46	259-260	—	J. Gwenogvryn Evans
Brut y Brenhinoedd	1350	NLW MS. Peniarth 46	261-268	—	X90 (the Anchorite of Llanddewibrefi)
Brut y Brenhinoedd	1350	NLW MS. Peniarth 46	269-270	—	J. Gwenogvryn Evans
Brut y Brenhinoedd	1350	NLW MS. Peniarth 46	271-352	—	X90 (the Anchorite of Llanddewibrefi)
Brut y Brenhinoedd	1350	NLW MS. Peniarth 46	353-359	—	J. Gwenogvryn Evans
blank	1350	NLW MS. Peniarth 47 part i	i r-iii v	—	
Note on contents giving the Hengwrt and Peniarth designations in a modern hand	1350	NLW MS. Peniarth 47 part i	iv r	—	?J. Gwenogvryn Evans
blank	1350	NLW MS. Peniarth 47 part i	iv v	—	
Note on contents giving the Hengwrt designations of all parts of the manuscript, and giving the then whereabouts of Hengwrt 540A and Hengwrt 540B, in a modern hand	1350	NLW MS. Peniarth 47 part i	v r	—	?J. Gwenogvryn Evans
blank	1350	NLW MS. Peniarth 47 part i	v v	—	
Note on Hengwrt 27B, stating that it had been kept with NLW Peniarth 46; in a modern hand	1350	NLW MS. Peniarth 47 part i	vi r	—	?J. Gwenogvryn Evans
blank	1350	NLW MS. Peniarth 47 part i	vi v	—	
Letter from the Reverend Robert Williams to William Watkin Wynne dated 23.12.1863	1350	NLW MS. Peniarth 47 part i	vii r-viii r	—	Robert Williams
blank	1350	NLW MS. Peniarth 47 part i	viii v-ix v	—	
Letter from the Reverend Robert Williams to William Watkin Wynne dated 9.12.1863	1350	NLW MS. Peniarth 47 part i	x r-xi r	—	Robert Williams
blank	1350	NLW MS. Peniarth 47 part i	xi v-xii v	—	
Note in the hand of Egerton Phillimore, on the similarity between Hengwrt 540 and the Didrefn Gasgliad (Llanstephan 1 and Llanstephan 2)	1350	NLW MS. Peniarth 47 part i	xiii r	—	Egerton Phillimore
Note in the hand of Egerton Phillimore on Hengwrt 540D and the Didrefn Gasgliad (Llanstephan 1 and Llanstephan 2)	1350	NLW MS. Peniarth 47 part i	xiii v	—	Egerton Phillimore
Note in the hand of the Reverend Robert Williams on the contents of Hengwrt 540C dated 30.11.1864.	1350	NLW MS. Peniarth 47 part i	xiv r	—	Robert Williams
Stamped envelope addressed to the Reverend Robert Williams and dated 25.11.1864	1350	NLW MS. Peniarth 47 part i	xiv v	—	unknown
blank	1350	NLW MS. Peniarth 47 part i	xv r-xv v	—	
Fragment of Brut y Brenhinoedd in an unidentified 14th century rounded textura hand used in binding, not transcribed	1350	NLW MS. Peniarth 47 part i	1r-3v	—	unknown
Latin note in an unidentified 16th century anglicana hand, not transcribed	1350	NLW MS. Peniarth 47 part i	3v	—	unknown
Ystoria Dared, incomplete	1350	NLW MS. Peniarth 47 part i	1-12	—	X90 (the Anchorite of Llanddewibrefi)
pages missing	1350	NLW MS. Peniarth 47 part i		—	
Ystoria Dared, incomplete	1350	NLW MS. Peniarth 47 part i	13-20	—	X90 (the Anchorite of Llanddewibrefi)
pages missing	1350	NLW MS. Peniarth 47 part i		—	
Ystoria Dared, incomplete	1350	NLW MS. Peniarth 47 part i	21-24	—	X90 (the Anchorite of Llanddewibrefi)
pages missing	1350	NLW MS. Peniarth 47 part i		—	
Ystoria Dared, incomplete	1350	NLW MS. Peniarth 47 part i	25-26	—	X90 (the Anchorite of Llanddewibrefi)
pages missing	1350	NLW MS. Peniarth 47 part i		—	
blank	1350	NLW MS. Peniarth 5 (The White Book of Rhydderch, part 1)	1r-1v		
Delw'r Byd	1350	NLW MS. Peniarth 5 (The White Book of Rhydderch, part 1)	2r-4r		White Book hand A
Ystoria Adda	1350	NLW MS. Peniarth 5 (The White Book of Rhydderch, part 1)	4r-6r		White Book hand A
Y Groglith	1350	NLW MS. Peniarth 5 (The White Book of Rhydderch, part 1)	6r-8r		White Book hand A
Elen a'r Grog	1350	NLW MS. Peniarth 5 (The White Book of Rhydderch, part 1)	8r-10r		White Book hand A
Ystoria Bilatus	1350	NLW MS. Peniarth 5 (The White Book of Rhydderch, part 1)	10r-11r		White Book hand A
Ystoria Judas	1350	NLW MS. Peniarth 5 (The White Book of Rhydderch, part 1)	11r-11v		White Book hand A
Pymtheng Arwydd cyn Dydd Brawd, not transcribed	1350	NLW MS. Peniarth 5 (The White Book of Rhydderch, part 1)	11v		White Book hand A
Proffwydoliaeth Sibli Ddoeth	1350	NLW MS. Peniarth 5 (The White Book of Rhydderch, part 1)	12r-14v		White Book hand A
Mabinogi Iesu Grist	1350	NLW MS. Peniarth 5 (The White Book of Rhydderch, part 1)	14r-20r		White Book hand A
Pa ddelw y dylai dyn gredu i Dduw	1350	NLW MS. Peniarth 5 (The White Book of Rhydderch, part 1)	20v-21v		White Book hand A
Buchedd Catrin	1350	NLW MS. Peniarth 5 (The White Book of Rhydderch, part 1)	21v-23r		White Book hand A
Buchedd Fargred	1350	NLW MS. Peniarth 5 (The White Book of Rhydderch, part 1)	23v-26r		White Book hand A
Buchedd Mair Fadlen; not transcribed	1350	NLW MS. Peniarth 5 (The White Book of Rhydderch, part 1)	26r-26v		White Book hand A
blank	1350	NLW MS. Peniarth 5 (The White Book of Rhydderch, part 1)	27r-27v		
one folio missing	1350	NLW MS. Peniarth 5 (The White Book of Rhydderch, part 1)			
Buchedd Mair Fadlen; not transcribed	1350	NLW MS. Peniarth 5 (The White Book of Rhydderch, part 1)	28r		White Book hand A
Buchedd Mair o'r Aifft; not transcribed	1350	NLW MS. Peniarth 5 (The White Book of Rhydderch, part 1)	28r-28v		White Book hand A
Ystoria Adda ac Efa	1350	NLW MS. Peniarth 5 (The White Book of Rhydderch, part 1)	28v-29v		White Book hand A
Disgynyddion Adda; not transcribed	1350	NLW MS. Peniarth 5 (The White Book of Rhydderch, part 1)	29v-30r		White Book hand A
Efengyl Nicodemus	1350	NLW MS. Peniarth 5 (The White Book of Rhydderch, part 1)	30r-36v		White Book hand A
Ystoria Titus	1350	NLW MS. Peniarth 5 (The White Book of Rhydderch, part 1)	36v-38r		White Book hand A
Marwolaeth Mair	1350	NLW MS. Peniarth 5 (The White Book of Rhydderch, part 1)	38r-40r		White Book hand A
Gwyrthiau Mair; not transcribed	1350	NLW MS. Peniarth 5 (The White Book of Rhydderch, part 1)	40v-45r		White Book hand A
Gwyrthiau Edmund; not transcribed	1350	NLW MS. Peniarth 5 (The White Book of Rhydderch, part 1)	45v		White Book hand A
folio missing	1350	NLW MS. Peniarth 5 (The White Book of Rhydderch, part 1)	46r-46v		
Gwyrthiau Edmund; not transcribed	1350	NLW MS. Peniarth 5 (The White Book of Rhydderch, part 1)	47r-48r		White Book hand A
Credo Athanasius	1350	NLW MS. Peniarth 5 (The White Book of Rhydderch, part 1)	48v-49v		White Book hand A
Y Rhagorau a geiff; not transcribed	1350	NLW MS. Peniarth 5 (The White Book of Rhydderch, part 1)	49v		White Book hand A
Fel y dylai dyn tra wrando offeren; not transcribed	1350	NLW MS. Peniarth 5 (The White Book of Rhydderch, part 1)	49v		White Book hand A
Enwau y Pedwar Hynaif ar Hugain; not transcribed	1350	NLW MS. Peniarth 5 (The White Book of Rhydderch, part 1)	49v		White Book hand A
Gorchestion	1350	NLW MS. Peniarth 5 (The White Book of Rhydderch, part 1)	49v		White Book hand A
Fel y rhannwyd yr Ebestyl	1350	NLW MS. Peniarth 5 (The White Book of Rhydderch, part 1)	50r		White Book hand A
Gwaeau; not transcribed	1350	NLW MS. Peniarth 5 (The White Book of Rhydderch, part 1)	50r		White Book hand A
Amrysson ath gyffelyp; not transcribed	1350	NLW MS. Peniarth 5 (The White Book of Rhydderch, part 1)	50v		White Book hand A
Efengyl Ieuan	1350	NLW MS. Peniarth 5 (The White Book of Rhydderch, part 1)	50v		White Book hand A
This folio originally contained text but has mostly been ripped out of the manuscript.	1350	NLW MS. Peniarth 5 (The White Book of Rhydderch, part 1)	51r-51v		White Book hand A
blank	1350	NLW MS. Peniarth 5 (The White Book of Rhydderch, part 1)	52r-57v		
Purdan Padrig	1350	NLW MS. Peniarth 5 (The White Book of Rhydderch, part 1)	58r-65r	1-30	X90 (the Anchorite of Llanddewibrefi)
blank	1350	NLW MS. Peniarth 5 (The White Book of Rhydderch, part 1)	65v		
Ystoria Carolo Magno: Chronicl Turpin	1350	NLW MS. Peniarth 5 (The White Book of Rhydderch, part 1)	66r-78v	31-81	X90 (the Anchorite of Llanddewibrefi)
Ystoria Carolo Magno: Rhamant Otfel, incomplete	1350	NLW MS. Peniarth 5 (The White Book of Rhydderch, part 1)	78v-89v	81-126	X90 (the Anchorite of Llanddewibrefi)
blank	1350	NLW MS. Peniarth 5 (The White Book of Rhydderch, part 1)	90r-90v		
Ystoria Carolo Magno: Pererindod Siarlymaen	1350	NLW MS. Peniarth 5 (The White Book of Rhydderch, part 1)	91r-99v	127-161	X90 (the Anchorite of Llanddewibrefi)
Ystoria Carolo Magno: Cân Rolant	1350	NLW MS. Peniarth 5 (The White Book of Rhydderch, part 1)	99v-118v	161-238	X90 (the Anchorite of Llanddewibrefi)
Ystoria Bown de Hamtwn	1350	NLW MS. Peniarth 5 (The White Book of Rhydderch, part 1)	119r-152r	239-372	White Book hand C
Y gainc gyntaf	1350	NLW MS. Peniarth 4 (The White Book of Rhydderch, part 2)	1r-10r	1-38	White Book hand D
Yr ail gainc	1350	NLW MS. Peniarth 4 (The White Book of Rhydderch, part 2)	10r-16r	38-61	White Book hand D
Y drydedd gainc	1350	NLW MS. Peniarth 4 (The White Book of Rhydderch, part 2)	16r-21r	61-81	White Book hand D
Y bedwaredd gainc	1350	NLW MS. Peniarth 4 (The White Book of Rhydderch, part 2)	21r-28b	81-111	White Book hand D
blank, marginalia	1350	NLW MS. Peniarth 4 (The White Book of Rhydderch, part 2)	29r-29v	112-117	unknown
Peredur	1350	NLW MS. Peniarth 4 (The White Book of Rhydderch, part 2)	30r-45r	117-178	White Book hand D
Breuddwyd Macsen	1350	NLW MS. Peniarth 4 (The White Book of Rhydderch, part 2)	45r-48v	178-191	White Book hand D
Cyfranc Llud a Llefelys, incomplete	1350	NLW MS. Peniarth 4 (The White Book of Rhydderch, part 2)	48v	191-192	
pages missing	1350	NLW MS. Peniarth 4 (The White Book of Rhydderch, part 2)		193-224	
Owain, incomplete	1350	NLW MS. Peniarth 4 (The White Book of Rhydderch, part 2)	49r-51v	225-236	White Book hand D
pages missing	1350	NLW MS. Peniarth 4 (The White Book of Rhydderch, part 2)		237-244	
Owain, incomplete	1350	NLW MS. Peniarth 4 (The White Book of Rhydderch, part 2)	52r-54v	245-256	White Book hand D
Note on contents	1350	NLW MS. Peniarth 4 (The White Book of Rhydderch, part 2)	fol.e		J. Gwenogvryn Evans
pages missing	1350	NLW MS. Peniarth 4 (The White Book of Rhydderch, part 2)		257-320	
Trioedd Ynys Prydain	1350	NLW MS. Peniarth 4 (The White Book of Rhydderch, part 2)	55r	321	White Book hand D
Enwau ac Anrhyfeddodau Ynys Prydain	1350	NLW MS. Peniarth 4 (The White Book of Rhydderch, part 2)	55r	321-322	White Book hand D
Anhreg Urien; poetry, not transcribed	1350	NLW MS. Peniarth 4 (The White Book of Rhydderch, part 2)	55v	322-324	White Book hand D
Trioedd Ynys Prydain	1350	NLW MS. Peniarth 4 (The White Book of Rhydderch, part 2)	55v-58r	324-333	White Book hand D
Bonedd y Saint	1350	NLW MS. Peniarth 4 (The White Book of Rhydderch, part 2)	58r-58v	333-335	White Book hand D
Daroganau Estras	1350	NLW MS. Peniarth 4 (The White Book of Rhydderch, part 2)	58v	335-336	White Book hand D
Prif y Lleuad	1350	NLW MS. Peniarth 4 (The White Book of Rhydderch, part 2)	58v-59r	336-338	White Book Scribe D
Diarhebion	1350	NLW MS. Peniarth 4 (The White Book of Rhydderch, part 2)	59r	338	White Book hand D
Trioedd Ynys Prydain	1350	NLW MS. Peniarth 4 (The White Book of Rhydderch, part 2)	59r-59v	338-340	White Book hand D
Diarhebion	1350	NLW MS. Peniarth 4 (The White Book of Rhydderch, part 2)	59v-61r	340-346	White Book hand D
Sant Awstin am dewder y ddaear	1350	NLW MS. Peniarth 4 (The White Book of Rhydderch, part 2)	61r	346	White Book hand D
Hyn a ddywedodd yr Enaid	1350	NLW MS. Peniarth 4 (The White Book of Rhydderch, part 2)	61r	346	White Book hand D
Englynion Dydd Brawd; poetry, not transcribed	1350	NLW MS. Peniarth 4 (The White Book of Rhydderch, part 2)	61r-62r	346-350	White Book hand D
Gwasgardgerdd Myrddin; poetry, not transcribed	1350	NLW MS. Peniarth 4 (The White Book of Rhydderch, part 2)	62r-62v	350-352	White Book hand D
Englynion Geraint fab Erbin; poetry, not transcribed	1350	NLW MS. Peniarth 4 (The White Book of Rhydderch, part 2)	62v	352	White Book hand D
pages missing	1350	NLW MS. Peniarth 4 (The White Book of Rhydderch, part 2)		353-384	
Geraint	1350	NLW MS. Peniarth 4 (The White Book of Rhydderch, part 2)	63r-79v	385-451	White Book hand E
Culhwch ac Olwen; incomplete	1350	NLW MS. Peniarth 4 (The White Book of Rhydderch, part 2)	79v-83v	452-467	White Book hand E
Culhwch ac Olwen; incomplete	1350	NLW MS. Peniarth 4 (The White Book of Rhydderch, part 2)	83v	467-4688	Hywel Fychan
Culhwch ac Olwen; incomplete	1350	NLW MS. Peniarth 4 (The White Book of Rhydderch, part 2)	83v-88v	468-488	White Book hand E
Cotton Library pressmark: ‘COTT. TIT. D. IX.’	1350	BL Cotton Titus MS. D IX	i r	—	unknown
blank	1350	BL Cotton Titus MS. D IX	i v	—	
Fragment of a Latin missal used in binding, not transcribed	1350	BL Cotton Titus MS. D IX	ii r-iii v	—	unknown
Llyfr Blegywryd	1350	BL Cotton Titus MS. D IX	1r-88r	—	Cotton Titus D.ix hand A
Note in a modern hand on number of folios	1350	BL Cotton Titus MS. D IX	88v	—	unknown
Fragment of a Latin missal used in binding, not transcribed	1350	BL Cotton Titus MS. D IX	iv r-v v	—	unknown
blank	1350	BL Harley MS. 958	i-iii	—	
manuscript designations '63.B.20' and '958' in a modern hand	1350	BL Harley MS. 958	iv	—	unknown
Llyfr Blegywryd	1350	BL Harley MS. 958	1r-54v	—	Harley 958 hand A
Llyfr Blegywryd	1350	BL Harley MS. 958	54v-56v	—	Harley 958 hand B
Llyfr Blegywryd	1350	BL Harley MS. 958	57r-60v	—	Harley 958 hand A
Llyfr Blegywryd	1350	NLW MS. 24029 (Boston 5)	1-12	—	NLW 24029 hand A
1 folio missing	1350	NLW MS. 24029 (Boston 5)	-	—	-
Llyfr Blegywryd	1350	NLW MS. 24029 (Boston 5)	13-14	—	NLW 24029 hand A
3 folios missing	1350	NLW MS. 24029 (Boston 5)	15-20	—	
Llyfr Blegywryd	1350	NLW MS. 24029 (Boston 5)	21-30	—	NLW 24029 hand A
2 folios missing	1350	NLW MS. 24029 (Boston 5)	-	—	-
Llyfr Blegywryd	1350	NLW MS. 24029 (Boston 5)	31-32	—	NLW 24029 hand A
4 folios missing	1350	NLW MS. 24029 (Boston 5)	33-40	—	
Llyfr Blegywryd	1350	NLW MS. 24029 (Boston 5)	41-42	—	NLW 24029 hand A
1 folio missing	1350	NLW MS. 24029 (Boston 5)	43-44	—	
Llyfr Blegywryd	1350	NLW MS. 24029 (Boston 5)	45-46	—	NLW 24029 hand A
1 folio missing	1350	NLW MS. 24029 (Boston 5)	47-48	—	
Llyfr Blegywryd	1350	NLW MS. 24029 (Boston 5)	49-56	—	NLW 24029 hand A
1 folio missing	1350	NLW MS. 24029 (Boston 5)	57-58	—	
Llyfr Blegywryd	1350	NLW MS. 24029 (Boston 5)	59-96	—	NLW 24029 hand A
2 folios missing	1350	NLW MS. 24029 (Boston 5)	97-100	—	
Llyfr Blegywryd	1350	NLW MS. 24029 (Boston 5)	101-108	—	NLW 24029 hand A
1 folio missing	1350	NLW MS. 24029 (Boston 5)	109-110	—	
Llyfr Blegywryd	1350	NLW MS. 24029 (Boston 5)	111-112	—	NLW 24029 hand A
2 folios missing	1350	NLW MS. 24029 (Boston 5)	113-116	—	
Llyfr Blegywryd	1350	NLW MS. 24029 (Boston 5)	117-126	—	NLW 24029 hand A
4 folios missing	1350	NLW MS. 24029 (Boston 5)	127-134	—	
Llyfr Blegywryd	1350	NLW MS. 24029 (Boston 5)	135-138	—	NLW 24029 hand A
2 folios missing	1350	NLW MS. 24029 (Boston 5)	139-142	—	
Llyfr Blegywryd	1350	NLW MS. 24029 (Boston 5)	143-154	—	NLW 24029 hand A
8 folios missing	1350	NLW MS. 24029 (Boston 5)	155-170	—	
Llyfr Blegywryd	1350	NLW MS. 24029 (Boston 5)	171-181	—	NLW 24029 hand A
Llyfr Blegywryd	1350	NLW MS. 24029 (Boston 5)	181	—	NLW 24029 hand B
Llyfr Blegywryd, not transcribed	1350	NLW MS. 24029 (Boston 5)	182	—	NLW 24029 hand C
Llyfr Blegywryd	1350	NLW MS. 24029 (Boston 5)	183-188	—	NLW 24029 hand D
Cwyn Ieuan ap Dafydd	1350	NLW MS. 24029 (Boston 5)	188-191	—	NLW 24029 hand D
Emynau Curig Ferthyr	1350	NLW MS. 24029 (Boston 5)	191-194	—	NLW 24029 hand D
Llyfr Blegywryd, not transcribed	1350	NLW MS. 24029 (Boston 5)	195-198	—	NLW 24029 hand C
Note on Contents	1350–1400	NLW MS. 3035 (Mostyn 116)	i	—	?J. Gwenogvryn Evans
Ystoria Dared	1350–1400	NLW MS. 3035 (Mostyn 116)	1r-23v	—	X92
Brut y Brenhinoedd	1350–1400	NLW MS. 3035 (Mostyn 116)	24r-107v	—	X92
illegible text in a 16th-century hand	1350–1400	NLW MS. 3035 (Mostyn 116)	108r	—	unidentified
Brut y Brenhinoedd	1350–1400	NLW MS. 3035 (Mostyn 116)	108v-141v	—	X92
Brut y Tywysogion	1350–1400	NLW MS. 3035 (Mostyn 116)	142r-205v	—	X92
Ystoria Dared, incomplete, beginning and end missing	1350–1400	BL Additional MS. 19,709	1r-7v	—	X92
1 gathering missing	1350–1400	BL Additional MS. 19,709		—	
Brut y Brenhinoedd, incomplete	1350–1400	BL Additional MS. 19,709	8r-17v	—	X92
1 ?page missing	1350–1400	BL Additional MS. 19,709		—	
Brut y Brenhinoedd, incomplete	1350–1400	BL Additional MS. 19,709	18r-19v	—	X92
1 ?page missing	1350–1400	BL Additional MS. 19,709		—	
Brut y Brenhinoedd, incomplete	1350–1400	BL Additional MS. 19,709	20r-21v	—	X92
1 ?gathering missing	1350–1400	BL Additional MS. 19,709		—	
Brut y Brenhinoedd, incomplete	1350–1400	BL Additional MS. 19,709	22A recto-84v	—	X92
Latin text in materials used in bindings	1350–1400	NLW MS. 20143A	0-i verso	—	unknown
Latin text in materials used in binding, upside down	1350–1400	NLW MS. 20143A	ii recto - iii verso	—	unknown
Llyfr Cyfnerth	1350–1400	NLW MS. 20143A	1r-19v	—	NLW 20143 hand A
Llyfr Blegywryd	1350–1400	NLW MS. 20143A	20r-32v	—	NLW 20143 hand A
Llyfr Blegywryd	1350–1400	NLW MS. 20143A	33r	—	NLW 20143 hand B
Llyfr Blegywryd	1350–1400	NLW MS. 20143A	33v-34r	—	NLW 20143 hand A
Llyfr Blegywryd	1350–1400	NLW MS. 20143A	34v	—	NLW 20143 hand B
Llyfr Blegywryd	1350–1400	NLW MS. 20143A	35r-37r	—	NLW 20143 hand A
later marginalia and pen trials	1350–1400	NLW MS. 20143A	37v	—	unknown
Llyfr Blegywryd	1350–1400	NLW MS. 20143A	38r-40v	—	NLW 20143 hand A
textual lacuna: pages may be missing	1350–1400	NLW MS. 20143A		—	
Llyfr Blegywryd	1350–1400	NLW MS. 20143A	41r-43v	—	NLW 20143 hand A
Llyfr Blegywryd	1350–1400	NLW MS. 20143A	44r-45r	—	NLW 20143 hand B
Llyfr Blegywryd	1350–1400	NLW MS. 20143A	45v-54r	—	NLW 20143 hand A
Llyfr Blegywryd	1350–1400	NLW MS. 20143A	54v-81r	—	NLW 20143 hand B
Llyfr Blegywryd	1350–1400	NLW MS. 20143A	81v-95r	—	NLW 20143 hand A
Llyfr Blegywryd	1350–1400	NLW MS. 20143A	95v-100v	—	NLW 20143 hand B
Llyfr Blegywryd	1350–1400	NLW MS. 20143A	100v	—	NLW 20143 hand A
Llyfr Blegywryd	1350–1400	NLW MS. 20143A	100v-115v	—	NLW 20143 hand B
note on the correct position of folio 15 in the hand of J. Gwenogvryn Evans	1375–1425	Oxford Jesus College MS. 20	i r	—	Evans
blank	1375–1425	Oxford Jesus College MS. 20	i v	—	
note on the correct position of folio 9a in the hand of J. Gwenogvryn Evans	1375–1425	Oxford Jesus College MS. 20	iii r	—	Evans
copy of an englyn which appears on folio 14a in the hand of J. Gwenogvryn Evans	1375–1425	Oxford Jesus College MS. 20	iii v	—	Evans
list of manuscript contents in the hand of J. Gwenogvryn Evans	1375–1425	Oxford Jesus College MS. 20	vi r-vii v	—	Evans
Ymddiddan Arthur a'r Eryr, not transcribed	1375–1425	Oxford Jesus College MS. 20	1r-3r	—	Jesus 20 hand A
Eiry mynydd, not transcribed	1375–1425	Oxford Jesus College MS. 20	3v-12r	—	Jesus 20 hand A
Englynion y Clyweit, not transcribed	1375–1425	Oxford Jesus College MS. 20	12r-15v	—	Jesus 20 hand A
Owain, incomplete	1375–1425	Oxford Jesus College MS. 20	16r-21v	—	Jesus 20 hand B
Pryd y Mab from Ymborth yr Enaid	1375–1425	Oxford Jesus College MS. 20	22r-30r	—	Jesus 20 hand A
Epistol y Sul	1375–1425	Oxford Jesus College MS. 20	30r-32r	—	Jesus 20 hand A
Mi yw Pedr Esgob Antioys	1375–1425	Oxford Jesus College MS. 20	32r	—	Jesus 20 hand A
decoration, Mappa Mundi	1375–1425	Oxford Jesus College MS. 20	32v	—	unknown
Bonedd y Saint	1375–1425	Oxford Jesus College MS. 20	33r-34v	—	Jesus 20 hand A
Achau cynnar	1375–1425	Oxford Jesus College MS. 20	35r-40r	—	Jesus 20 hand A
Enwau Brenhinoedd	1375–1425	Oxford Jesus College MS. 20	40v-41r	—	Jesus 20 hand A
ending colophon from Brut y Brenhinoedd	1375–1425	Oxford Jesus College MS. 20	41v	—	Jesus 20 hand C
Saith Doethion Rhufain	1375–1425	Oxford Jesus College MS. 20	42r-70r	—	Jesus 20 hand A
Enwau Brenhinoedd y Saeson	1375–1425	Oxford Jesus College MS. 20	70r-70v	—	Jesus 20 hand D
blank	1375–1425	Oxford Jesus College MS. 20	71r-73v	—	
Marwolaeth Mair	1375–1425	NLW MS. Peniarth 15	1-7	—	Peniarth 15 hand A
Rhinweddau Gwrando Offeren	1375–1425	NLW MS. Peniarth 15	7	—	Peniarth 15 hand A
Breuddwyd Pawl	1375–1425	NLW MS. Peniarth 15	8-10	—	Peniarth 15 hand A
Epistol y Sul	1375–1425	NLW MS. Peniarth 15	11-12	—	Peniarth 15 hand A
Rhybudd Gabriel	1375–1425	NLW MS. Peniarth 15	12-13	—	Peniarth 15 hand A
Efengyl Ieuan	1375–1425	NLW MS. Peniarth 15	13-14	—	Peniarth 15 hand A
Buchedd Dewi	1375–1425	NLW MS. Peniarth 15	15-24	—	Peniarth 15 hand A
Buchedd Beuno	1375–1425	NLW MS. Peniarth 15	25-30	—	Peniarth 15 hand A
Credo Athanasius	1375–1425	NLW MS. Peniarth 15	30-32	—	Peniarth 15 hand A
Pa ddelw y dylai dyn gredu i Dduw	1375–1425	NLW MS. Peniarth 15	32-35	—	Peniarth 15 hand A
Ymborth yr Enaid	1375–1425	NLW MS. Peniarth 15	36-54	—	Peniarth 15 hand A
Ystoria Adrian ac Ipotis	1375–1425	NLW MS. Peniarth 15	54-62	—	Peniarth 15 hand A
Ystoria Lucidar	1375–1425	NLW MS. Peniarth 15	62-115	—	Peniarth 15 hand A
Gwlad Ieuan Fendigaid	1375–1425	NLW MS. Peniarth 15	115-122	—	Peniarth 15 hand A
A fragment of the Grail story in a later hand, not transcribed	1375–1425	NLW MS. Peniarth 15	123-125	—	Peniarth 15 hand B
blank	1375–1425	NLW MS. Peniarth 15	126	—	
Credo	1375–1425	NLW MS. Peniarth 15	127-128	—	Peniarth 15 hand C
Buchedd Fargred	1375–1425	NLW MS. Peniarth 15	128-137	—	Peniarth 15 hand C
Buchedd Catrin	1375–1425	NLW MS. Peniarth 15	138-144	—	Peniarth 15 hand C
Enwau ac Anrhyfeddodau Ynys Prydain	1375–1425	NLW MS. Peniarth 15	144-146	—	Peniarth 15 hand C
Note stating the ownership of the manuscript by the Cymmrodorion Society	1375–1425	BL Additional MS. 14,912	1r	—	unknown
blank	1375–1425	BL Additional MS. 14,912	1v	—	not applicable
Note in the hand of William Owen Pughe noting that he has borrowed the manuscript	1375–1425	BL Additional MS. 14,912	2r	—	Pughe
blank	1375–1425	BL Additional MS. 14,912	2v	—	
Title page in Latin for the text in the hand of Lewis Morris	1375–1425	BL Additional MS. 14,912	3r	—	Morris
blank	1375–1425	BL Additional MS. 14,912	3v	—	
Table outlining the contents of the manuscript in the hand of Lewis Morris	1375–1425	BL Additional MS. 14,912	4r-8r	—	Morris
blank	1375–1425	BL Additional MS. 14,912	8v	—	
Calendr	1375–1425	BL Additional MS. 14,912	9r-13v	—	BL Add. 14912 hand A
Meddyginiaethau	1375–1425	BL Additional MS. 14,912	14r-16r	—	BL Add. 14912 hand A
Y Misoedd	1375–1425	BL Additional MS. 14,912	16r-17v	—	BL Add. 14912 hand A
Meddyginiaethau	1375–1425	BL Additional MS. 14,912	17v-24v	—	BL Add. 14912 hand A
Rhinweddau Croen Neidr	1375–1425	BL Additional MS. 14,912	24v-28v	—	BL Add. 14912 hand A
Dylanwad y Lleuad	1375–1425	BL Additional MS. 14,912	28v-31v	—	BL Add. 14912 hand A
Y Deuddeng Arwydd	1375–1425	BL Additional MS. 14,912	31v-35v	—	BL Add. 14912 hand A
Meddyginiaethau	1375–1425	BL Additional MS. 14,912	35v-40v	—	BL Add. 14912 hand A
Folios are missing here	1375–1425	BL Additional MS. 14,912		—	
Meddyginiaethau	1375–1425	BL Additional MS. 14,912	41r-48v	—	BL Add. 14912 hand A
Llythyr Aristotlys at Alecsander: Pryd a Gwedd Dynion	1375–1425	BL Additional MS. 14,912	48v	—	BL Add. 14912 hand A
Folios are missing here (2 folios?)	1375–1425	BL Additional MS. 14,912		—	
Llythyr Aristotlys at Alecsander: Pryd a Gwedd Dynion	1375–1425	BL Additional MS. 14,912	49r-52v	—	BL Add. 14912 hand A
Y Pedwar Defnydd	1375–1425	BL Additional MS. 14,912	52v-54r	—	BL Add. 14912 hand A
Ansoddau’r Trwnc	1375–1425	BL Additional MS. 14,912	54r-58r	—	BL Add. 14912 hand A
Meddyginiaethau	1375–1425	BL Additional MS. 14,912	58r-65r	—	BL Add. 14912 hand A
medical recipes in a 16th century hand, not transcribed	1375–1425	BL Additional MS. 14,912	65v	—	later
folio missing. According to Lewis Morris's list of contents this folio contained 'Superstitious Recipes and Charms in Latin'	1375–1425	BL Additional MS. 14,912	66r-66v	—	
Meddyginiaethau	1375–1425	BL Additional MS. 14,912	67r-72v	—	BL Add. 14912 hand A
Campau’r Cennin	1375–1425	BL Additional MS. 14,912	72v-74v	—	BL Add. 14912 hand A
Folios missing. According to Lewis Morris’s list of contents 8 folios are missing.	1375–1425	BL Additional MS. 14,912		—	
Latin medical recipes, not transcribed	1375–1425	BL Additional MS. 14,912	75r-76v	—	BL Add. 14912 hand A
Meddyginiaethau	1375–1425	BL Additional MS. 14,912	76v-81r	—	BL Add. 14912 hand A
Latin medical recipes, not transcribed	1375–1425	BL Additional MS. 14,912	81r	—	BL Add. 14912 hand A
Arwyddion Calan Ionawr	1375–1425	BL Additional MS. 14,912	81r-82r	—	BL Add. 14912 hand A
Arwyddon Lloer Jonawr	1375–1425	BL Additional MS. 14,912	82r-84r	—	BL Add. 14912 hand A
Latin medical recipes, not transcribed	1375–1425	BL Additional MS. 14,912	84r-84v	—	BL Add. 14912 hand A
Llysieulyfr	1375–1425	BL Additional MS. 14,912	84v-93v	—	BL Add. 14912 hand A
Latin texts described by Lewis Morris as 'Experiments in Latin on Sulphur, Mercury, Nitre, and several magical tricks', not transcribed	1375–1425	BL Additional MS. 14,912	93v-95v	—	later
Notes on the manuscript in the hand of Lewis Morris, not transcribed	1375–1425	BL Additional MS. 14,912	96r	—	Morris
Y Pedwar Gwlybwr	1375–1425	Oxford Rawlinson MS. B 467	1r-2v	—	Rawl B467 hand A
Rhinweddau Bwydydd	1375–1425	Oxford Rawlinson MS. B 467	2v-5v	—	Rawl B467 hand A
A number of folia are missing here	1375–1425	Oxford Rawlinson MS. B 467		—	
Rhinweddau Bwydydd	1375–1425	Oxford Rawlinson MS. B 467	5v-7r	—	Rawl B467 hand A
A number of folia are missing here	1375–1425	Oxford Rawlinson MS. B 467		—	
Rhinweddau Bwydydd	1375–1425	Oxford Rawlinson MS. B 467	7v-15v	—	Rawl B467 hand A
Fragment of an unidentified medical text	1375–1425	Oxford Rawlinson MS. B 467	15v	—	Rawl B467 hand A
Comments and marginalia in a number of 16th century hands, not transcribed	1375–1425	Oxford Rawlinson MS. B 467	16r-16v	—	later hands
Meddyginiaethau	1375–1425	Oxford Rawlinson MS. B 467	17r-33r	—	Rawl B467 hand B
Campau'r Cennin	1375–1425	Oxford Rawlinson MS. B 467	33r-37r	—	Rawl B467 hand B
Meddyginiaethau	1375–1425	Oxford Rawlinson MS. B 467	37r-38v	—	Rawl B467 hand B
Deuddeng Arwydd	1375–1425	Oxford Rawlinson MS. B 467	39r-42v	—	Rawl B467 hand C
Meddyginiaethau	1375–1425	Oxford Rawlinson MS. B 467	42v-46v	—	Rawl B467 hand C
Gollwng Gwaed	1375–1425	Oxford Rawlinson MS. B 467	46v-47v	—	Rawl B467 hand C
Meddyginiaethau	1375–1425	Oxford Rawlinson MS. B 467	47v-54r	—	Rawl B467 hand C
Llythyr Aristotlys at Alecsander: Pryd a Gwedd Dynion	1375–1425	Oxford Rawlinson MS. B 467	54r-59r	—	Rawl B467 hand C
Y Pedwar Defnydd	1375–1425	Oxford Rawlinson MS. B 467	59r-61r	—	Rawl B467 hand C
Ansoddau'r Trwnc	1375–1425	Oxford Rawlinson MS. B 467	61r-66r	—	Rawl B467 hand C
Meddyginiaethau	1375–1425	Oxford Rawlinson MS. B 467	66r-69v	—	Rawl B467 hand C
Wyth Rhan Pob Dyn	1375–1425	Oxford Rawlinson MS. B 467	69v-70v	—	Rawl B467 hand C
Tract on the Four Winds from Delw'r Byd>	1375–1425	Oxford Rawlinson MS. B 467	70v-72v	—	Rawl B467 hand C
Meddyginiaethau	1375–1425	Oxford Rawlinson MS. B 467	73r-90v	—	Rawl B467 hand D
Meddyginiaethau	1375–1425	Oxford Rawlinson MS. B 467	90v-93r	—	Rawl B467 hand E
Medieval flyleaf (recto) containing notes on ownership in later hands	1375–1425	Shrewsbury MS. 11	i	—	unidentified
Medieval flyleaf (verso) containing text in a 16th-century Anglicana hand	1375–1425	Shrewsbury MS. 11	ii	—	unidentified
Gwasanaeth Mair	1375–1425	Shrewsbury MS. 11	1-52	—	Shrewsbury hand A
Gweddi Boneffas Bab	1375–1425	Shrewsbury MS. 11	52-3	—	Shrewsbury hand A
Enaid Crist	1375–1425	Shrewsbury MS. 11	53-54	—	Shrewsbury hand A
Pa ddelw y dylai dyn gredu i Dduw	1375–1425	Shrewsbury MS. 11	54-66	—	Shrewsbury hand A
Ysbryd Gwidw, misbound, with several folios out of place	1375–1425	Shrewsbury MS. 11	66-82	—	Shrewsbury hand A
lacuna in text, folios missing	1375–1425	Shrewsbury MS. 11		—	
Ysbryd Gwidw, misbound, with several folios out of place	1375–1425	Shrewsbury MS. 11	83	—	Shrewsbury hand A
Efengyl Ieuan	1375–1425	Shrewsbury MS. 11	83-4	—	Shrewsbury hand A
Ystoria Adda	1375–1425	Shrewsbury MS. 11	85-100	—	Shrewsbury hand A
Y Groglith	1375–1425	Shrewsbury MS. 11	100-18	—	Shrewsbury hand A
Elen a’r Grog	1375–1425	Shrewsbury MS. 11	118-34	—	Shrewsbury hand A
Breuddwyd Pawl	1375–1425	Shrewsbury MS. 11	134-43	—	Shrewsbury hand A
Deongl Terfynau'r Byd	1375–1425	Shrewsbury MS. 11	143-8	—	Shrewsbury hand A
Latin text overwritten by upside-down Welsh text in the hand of the main scribe, not transcribed	1375–1425	Shrewsbury MS. 11	148	—	Shrewsbury hand A
Two pages of Gwasanaeth Mair in 16th-17th-century hand, not transcribed	1375–1425	Shrewsbury MS. 11	149-150	—	later
notes in the hand of J. Gwenogvryn Evans	1375–1425	NLW MS. Peniarth 38	ii r	—	Evans
Some illegible script, and the number 38 in a modern hand	1375–1425	NLW MS. Peniarth 38	iii r	—	?
Signature: Liber Joh'is Watkin Jeian'	1375–1425	NLW MS. Peniarth 38	iii v	—	?
illegible script in a sixteenth century anglicana hand	1375–1425	NLW MS. Peniarth 38	v r	—	?
Llyfr Blegywryd>	1375–1425	NLW MS. Peniarth 38	1r-69v	—	Peniarth 38 hand A
Introductory notes in later hand.	1375–1425	Cardiff MS. 3.242 (Hafod 16)	i	—	J. Gwenogvryn Evans?
Description of Cardiff 2.342 photocopied from J.G. Evans's catalogue	1375–1425	Cardiff MS. 3.242 (Hafod 16)	ii-iv	—	not applicable
Meddyginiaethau	1375–1425	Cardiff MS. 3.242 (Hafod 16)	1	—	Cardiff 3.242. hand A
Llysieulyfr	1375–1425	Cardiff MS. 3.242 (Hafod 16)	2-6	—	Cardiff 3.242. hand A
Medical charms and recipes in Latin, not transcribed	1375–1425	Cardiff MS. 3.242 (Hafod 16)	6-8	—	Cardiff 3.242. hand A
Rhinweddau Croen Neidr	1375–1425	Cardiff MS. 3.242 (Hafod 16)	8-10	—	Cardiff 3.242. hand A
Y Misoedd	1375–1425	Cardiff MS. 3.242 (Hafod 16)	10	—	Cardiff 3.242. hand A
Rhinweddau Bwydydd	1375–1425	Cardiff MS. 3.242 (Hafod 16)	11-14	—	Cardiff 3.242. hand A
Llythyr Aristotlys at Alecsander: Pryd a Gwedd Dynion	1375–1425	Cardiff MS. 3.242 (Hafod 16)	14-19	—	Cardiff 3.242. hand A
Meddyginiaethau	1375–1425	Cardiff MS. 3.242 (Hafod 16)	19-36	—	Cardiff 3.242. hand A
Y Deuddeng Arwydd>	1375–1425	Cardiff MS. 3.242 (Hafod 16)	37-39	—	Cardiff 3.242. hand A
Meddyginiaethau	1375–1425	Cardiff MS. 3.242 (Hafod 16)	37-39	—	Cardiff 3.242. hand A
Pages missing	1375–1425	Cardiff MS. 3.242 (Hafod 16)		—	
Medical charms and recipes in Latin, not transcribed	1375–1425	Cardiff MS. 3.242 (Hafod 16)	41	—	Cardiff 3.242. hand A
Llythyr Aristotlys at Alecsander: Rheolau Iechyd	1375–1425	Cardiff MS. 3.242 (Hafod 16)	41-47	—	Cardiff 3.242. hand A
Llythyr Aristotlys at Alecsander: Y Pedwar Math o Frenin	1375–1425	Cardiff MS. 3.242 (Hafod 16)	47-49	—	Cardiff 3.242. hand A
Medical charms and recipes in Latin, not transcribed	1375–1425	Cardiff MS. 3.242 (Hafod 16)	49-60	—	Cardiff 3.242. hand A
Pages missing	1375–1425	Cardiff MS. 3.242 (Hafod 16)		—	
Meddyginiaethau	1375–1425	Cardiff MS. 3.242 (Hafod 16)	61-62	—	Cardiff 3.242. hand A
Campau'r Cennin	1375–1425	Cardiff MS. 3.242 (Hafod 16)	63-66	—	Cardiff 3.242. hand A
Meddyginiaethau	1375–1425	Cardiff MS. 3.242 (Hafod 16)	66-71	—	Cardiff 3.242. hand A
Y Pedwar Gwlybwr	1375–1425	Cardiff MS. 3.242 (Hafod 16)	71-73	—	Cardiff 3.242. hand A
Rhinweddau Bwydydd	1375–1425	Cardiff MS. 3.242 (Hafod 16)	73-80	—	Cardiff 3.242. hand A
Pages missing	1375–1425	Cardiff MS. 3.242 (Hafod 16)		—	
Meddyginiaethau	1375–1425	Cardiff MS. 3.242 (Hafod 16)	81-89	—	Cardiff 3.242. hand A
Y Pedwar Defnydd	1375–1425	Cardiff MS. 3.242 (Hafod 16)	89-91	—	Cardiff 3.242. hand A
Ansoddau'r Trwnc	1375–1425	Cardiff MS. 3.242 (Hafod 16)	91-94	—	Cardiff 3.242. hand A
Meddyginiaethau	1375–1425	Cardiff MS. 3.242 (Hafod 16)	94-96	—	Cardiff 3.242. hand A
Wyth Rhan Pob Dyn	1375–1425	Cardiff MS. 3.242 (Hafod 16)	96-97	—	Cardiff 3.242. hand A
Meddyginiaethau	1375–1425	Cardiff MS. 3.242 (Hafod 16)	97-100	—	Cardiff 3.242. hand A
Gwyrthiau Mair	1375–1425	Cardiff MS. 3.242 (Hafod 16)	101-104	—	Hywel Fychan
Buchedd Mair o'r Aifft	1375–1425	Cardiff MS. 3.242 (Hafod 16)	104-106	—	Hywel Fychan
Gorchestion	1375–1425	Cardiff MS. 3.242 (Hafod 16)	106-108	—	Hywel Fychan
Fel y rhannwyd yr Ebestyl	1375–1425	Cardiff MS. 3.242 (Hafod 16)	108-109	—	Hywel Fychan
Cyneddfau Meddwdod	1375–1425	Cardiff MS. 3.242 (Hafod 16)	109-110	—	Hywel Fychan
Bonedd y Saint	1375–1425	Cardiff MS. 3.242 (Hafod 16)	110-112	—	Hywel Fychan
leaf giving the title of the text	1375–1425	NLW MS. Peniarth 11	i r	—	
blank	1375–1425	NLW MS. Peniarth 11	i v	—	
note on the manuscript in a modern hand	1375–1425	NLW MS. Peniarth 11	ii r	—	
blank	1375–1425	NLW MS. Peniarth 11	ii v	—	
note on the manuscript in a modern hand	1375–1425	NLW MS. Peniarth 11	iii r	—	
blank	1375–1425	NLW MS. Peniarth 11	iii v	—	
note on the manuscript in a modern hand	1375–1425	NLW MS. Peniarth 11	iv r	—	
blank	1375–1425	NLW MS. Peniarth 11	iv v	—	
missing note on the manuscript in a modern hand	1375–1425	NLW MS. Peniarth 11	v r	—	
blank	1375–1425	NLW MS. Peniarth 11	v v	—	
letter from Thomas Stephens	1375–1425	NLW MS. Peniarth 11	vi r - vii v	—	Thomas Stephens
Ystoriau Saint Greal	1375–1425	NLW MS. Peniarth 11	1r-176v	—	Hywel Fychan
folio missing	1375–1425	NLW MS. Peniarth 11	177	—	
Ystoriau Saint Greal	1375–1425	NLW MS. Peniarth 11	178r-280v	—	Hywel Fychan
notes and signatures in a number of hands, not transcribed	1375–1425	NLW MS. Peniarth 11	281r-281v	—	?
notes; not transcribed	1375–1425	NLW MS. Llanstephan 27 (The Red Book of Talgarth)	i r	—	Moses Williams
blank	1375–1425	NLW MS. Llanstephan 27 (The Red Book of Talgarth)	i v	—	
note; not transcribed	1375–1425	NLW MS. Llanstephan 27 (The Red Book of Talgarth)	ii r	—	J. Gwenogvryn Evans
	1375–1425	NLW MS. Llanstephan 27 (The Red Book of Talgarth)	ii v	—	
notes; not transcribed	1375–1425	NLW MS. Llanstephan 27 (The Red Book of Talgarth)	iii r-iv v	—	Moses Williams
Welsh pedigrees; not transcribed	1375–1425	NLW MS. Llanstephan 27 (The Red Book of Talgarth)	vi r	—	14th or 15th-century hand
Triads; not transcribed	1375–1425	NLW MS. Llanstephan 27 (The Red Book of Talgarth)	vi v	—	15th-century hand
two Latin prayers in a 15th-century hand	1375–1425	NLW MS. Llanstephan 27 (The Red Book of Talgarth)	vii r	—	?
poetry by Dafydd ap Gwilym and Ieuan Brydydd Tew; not transcribed	1375–1425	NLW MS. Llanstephan 27 (The Red Book of Talgarth)	vii v-viii r	—	15th-century hand
Welsh prose text; not transcribed	1375–1425	NLW MS. Llanstephan 27 (The Red Book of Talgarth)	ix v	—	15th-century hand
Ystoria Lucidar	1375–1425	NLW MS. Llanstephan 27 (The Red Book of Talgarth)	1r-20v	—	Hywel Fychan
These pages are at present bound with Peniarth 12 where they form pages 39r-58v	1375–1425	NLW MS. Llanstephan 27 (The Red Book of Talgarth)	2 gatherings (40 pages) missing	—	
Ystoria Lucidar	1375–1425	NLW MS. Llanstephan 27 (The Red Book of Talgarth)	21r-26r	—	Hywel Fychan
Ymborth yr Enaid	1375–1425	NLW MS. Llanstephan 27 (The Red Book of Talgarth)	26r-41r	—	Hywel Fychan
Y Drindod yn Un Duw	1375–1425	NLW MS. Llanstephan 27 (The Red Book of Talgarth)	41v-42r	—	Hywel Fychan
Credo Athanasius	1375–1425	NLW MS. Llanstephan 27 (The Red Book of Talgarth)	42r-43v	—	Hywel Fychan
Pa ddelw y dylai dyn gredu i Dduw	1375–1425	NLW MS. Llanstephan 27 (The Red Book of Talgarth)	43v-47r	—	Hywel Fychan
Pwyll y Pader, Hu	1375–1425	NLW MS. Llanstephan 27 (The Red Book of Talgarth)	47r-49r	—	Hywel Fychan
Deuddeg Pwnc y Gredo	1375–1425	NLW MS. Llanstephan 27 (The Red Book of Talgarth)	49r-51r	—	Hywel Fychan
Pwyll y Pader, Awstin	1375–1425	NLW MS. Llanstephan 27 (The Red Book of Talgarth)	51r-52r	—	Hywel Fychan
Breuddwyd Pawl	1375–1425	NLW MS. Llanstephan 27 (The Red Book of Talgarth)	52r-54v	—	Hywel Fychan
Epistol y Sul	1375–1425	NLW MS. Llanstephan 27 (The Red Book of Talgarth)	54v-56r	—	Hywel Fychan
Mi yw Pedr Esgob Antioys	1375–1425	NLW MS. Llanstephan 27 (The Red Book of Talgarth)	56r	—	Hywel Fychan
Rhinweddau Gwrando Offeren	1375–1425	NLW MS. Llanstephan 27 (The Red Book of Talgarth)	56r-56v	—	Hywel Fychan
Ystoria Adrian ac Ipotis	1375–1425	NLW MS. Llanstephan 27 (The Red Book of Talgarth)	56v-57v	—	Hywel Fychan
Ystoria Adrian ac Ipotis	1375–1425	NLW MS. Llanstephan 27 (The Red Book of Talgarth)	58r-59v	—	Llanstephan 27 hand B
Ystoria Adrian ac Ipotis	1375–1425	NLW MS. Llanstephan 27 (The Red Book of Talgarth)	60r-62v	—	Hywel Fychan
Buchedd Dewi	1375–1425	NLW MS. Llanstephan 27 (The Red Book of Talgarth)	62v-71v	—	Hywel Fychan
Buchedd Beuno	1375–1425	NLW MS. Llanstephan 27 (The Red Book of Talgarth)	71v-76v	—	Hywel Fychan
Ystoria Adda ac Efa	1375–1425	NLW MS. Llanstephan 27 (The Red Book of Talgarth)	76v-80r	—	Hywel Fychan
Ystoria Adda	1375–1425	NLW MS. Llanstephan 27 (The Red Book of Talgarth)	80r-84v	—	Hywel Fychan
Mabinogi Iesu Grist	1375–1425	NLW MS. Llanstephan 27 (The Red Book of Talgarth)	84v-101v	—	Hywel Fychan
Y Groglith	1375–1425	NLW MS. Llanstephan 27 (The Red Book of Talgarth)	102r-106v	—	Hywel Fychan
Efengyl Nicodemus	1375–1425	NLW MS. Llanstephan 27 (The Red Book of Talgarth)	106v-124v	—	Hywel Fychan
Ystoria Titus	1375–1425	NLW MS. Llanstephan 27 (The Red Book of Talgarth)	125r-129v	—	Hywel Fychan
Ystoria Bilatus, end wanting	1375–1425	NLW MS. Llanstephan 27 (The Red Book of Talgarth)	129v-130v	—	Hywel Fychan
pages missing	1375–1425	NLW MS. Llanstephan 27 (The Red Book of Talgarth)		—	
Buchedd Catrin, beginning wanting	1375–1425	NLW MS. Llanstephan 27 (The Red Book of Talgarth)	131r-131v	—	Hywel Fychan
Buchedd Mair Fadlen	1375–1425	NLW MS. Llanstephan 27 (The Red Book of Talgarth)	132r-135v	—	Hywel Fychan
Buchedd Martha	1375–1425	NLW MS. Llanstephan 27 (The Red Book of Talgarth)	136r-137r	—	Hywel Fychan
Purdan Padrig	1375–1425	NLW MS. Llanstephan 27 (The Red Book of Talgarth)	137r-146v	—	Hywel Fychan
1 folio missing	1375–1425	NLW MS. Llanstephan 27 (The Red Book of Talgarth)		—	
Purdan Padrig	1375–1425	NLW MS. Llanstephan 27 (The Red Book of Talgarth)	147r-151r	—	Hywel Fychan
Rhybudd Gabriel	1375–1425	NLW MS. Llanstephan 27 (The Red Book of Talgarth)	151r-151v	—	Hywel Fychan
Post prif wedi	1375–1425	NLW MS. Llanstephan 27 (The Red Book of Talgarth)	151v-152r	—	Hywel Fychan
Pwy bynnag a ddyweto’r Enwau hyn	1375–1425	NLW MS. Llanstephan 27 (The Red Book of Talgarth)	152r-153r	—	Hywel Fychan
Gracias tibi ago	1375–1425	NLW MS. Llanstephan 27 (The Red Book of Talgarth)	153r	—	Hywel Fychan
Deall Breuddwydion	1375–1425	NLW MS. Llanstephan 27 (The Red Book of Talgarth)	153v-155v	—	Hywel Fychan
Deall Breuddwydion	1375–1425	NLW MS. Llanstephan 27 (The Red Book of Talgarth)	156r-156v	—	Llanstephan 27 hand B
Dylanwad y Lleuad	1375–1425	NLW MS. Llanstephan 27 (The Red Book of Talgarth)	157r-158r	—	Hywel Fychan
Haul Dydd Nadolig	1375–1425	NLW MS. Llanstephan 27 (The Red Book of Talgarth)	158r	—	Hywel Fychan
Gwynt Nos Nadolig	1375–1425	NLW MS. Llanstephan 27 (The Red Book of Talgarth)	158r-158v	—	Hywel Fychan
Trystau	1375–1425	NLW MS. Llanstephan 27 (The Red Book of Talgarth)	158v	—	Hywel Fychan
Gwaeau	1375–1425	NLW MS. Llanstephan 27 (The Red Book of Talgarth)	159r-159v	—	Hywel Fychan
Y pethau ni thalant ddim	1375–1425	NLW MS. Llanstephan 27 (The Red Book of Talgarth)	159v	—	Hywel Fychan
Argoelion y Flwyddyn	1375–1425	NLW MS. Llanstephan 27 (The Red Book of Talgarth)	160r-160v	—	Hywel Fychan
Arwyddion Calan Ionawr	1375–1425	NLW MS. Llanstephan 27 (The Red Book of Talgarth)	160v-161r	—	Hywel Fychan
Pymtheng Arwydd cyn Dydd Brawd	1375–1425	NLW MS. Llanstephan 27 (The Red Book of Talgarth)	161r	—	Hywel Fychan
Englynion y Clywed, not transcribed	1375–1425	NLW MS. Llanstephan 27 (The Red Book of Talgarth)	161v-163r	—	Hywel Fychan
Ymdidan y corff a'r eneit, not transcribed	1375–1425	NLW MS. Llanstephan 27 (The Red Book of Talgarth)	163v	—	Hywel Fychan
Kyssul adaon, not transcribed	1375–1425	NLW MS. Llanstephan 27 (The Red Book of Talgarth)	163v-164r	—	Hywel Fychan
Cas Ddynion Selyf	1375–1425	NLW MS. Llanstephan 27 (The Red Book of Talgarth)	164r-164v	—	Hywel Fychan
Cynghorau Catwn	1375–1425	NLW MS. Llanstephan 27 (The Red Book of Talgarth)	164v-169r	—	Hywel Fychan
Marwolaeth Mair	1375–1425	NLW MS. Llanstephan 27 (The Red Book of Talgarth)	169v-172v	—	Hywel Fychan
Gwyrthiau Mair, incomplete, continues at Cardiff 3.242, page 101	1375–1425	NLW MS. Llanstephan 27 (The Red Book of Talgarth)	172v-182v	—	Hywel Fychan
a letter addressed to the Reverend Moses Williams	1375–1425	NLW MS. Llanstephan 27 (The Red Book of Talgarth)	183a	—	?
Elucidarium in English, incomplete	1375–1425	NLW MS. Peniarth 12 part ii	1-11	—	2nd half of 15th cent.
Ystoria Lucidar, wanting beginning and end	1375–1425	NLW MS. Peniarth 12 part ii	12-79 (39r-58v)	—	Hywel Fychan
fragment of a Welsh catechism	1375–1425	NLW MS. Peniarth 12 part ii	80-81	—	16th-17th cent.
fragment of a missal, Sarum use	1375–1425	NLW MS. Peniarth 12 part ii	82-87	—	1st half of 15th cent.
>Delw'r Byd, incomplete	1375–1425	Philadelphia MS. 8680	1r-1v		Philadelphia hand A
folios missing	1375–1425	Philadelphia MS. 8680			
Delw'r Byd, incomplete	1375–1425	Philadelphia MS. 8680	2r-2v		Philadelphia hand A
Calendar, incomplete	1375–1425	Philadelphia MS. 8680	3r-4v	1-8	Philadelphia hand A
Ystoria Dared, incomplete, not transcribed	1375–1425	Philadelphia MS. 8680	5r-20v		15th or 16th century hand
Ystoria Dared, incomplete	1375–1425	Philadelphia MS. 8680	21r-22v	1-8	Hywel Fychan
Folio 30 belongs here	1375–1425	Philadelphia MS. 8680			
Ystoria Dared, incomplete	1375–1425	Philadelphia MS. 8680	23r-25v	9-20	Hywel Fychan
Brut y Brenhinoedd, incomplete	1375–1425	Philadelphia MS. 8680	25v-28v	21-32	Hywel Fychan
Folio 31 belongs here.	1375–1425	Philadelphia MS. 8680			
Brut y Brenhinoedd, incomplete	1375–1425	Philadelphia MS. 8680	29r-29v	33-36	Hywel Fychan
Ystoria Dared, incomplete. This folio belongs between folios 22 and 23.	1375–1425	Philadelphia MS. 8680	30r-30v	37-40	Hywel Fychan
Brut y Brenhinoedd, incomplete. This folio belongs between folios 28 and 29.	1375–1425	Philadelphia MS. 8680	31r-31v	41-44	Hywel Fychan
Folio 29 belongs here.	1375–1425	Philadelphia MS. 8680			
Brut y Brenhinoedd, incomplete. This folio belongs between folios 29 and folio 33.	1375–1425	Philadelphia MS. 8680	32r-32v	45-48	Hywel Fychan
Lacuna in text, several gatherings missing	1375–1425	Philadelphia MS. 8680			
Brut y Brenhinoedd, incomplete	1375–1425	Philadelphia MS. 8680	33r-43v	49-92	Hywel Fychan
Lacuna in text, one folio missing	1375–1425	Philadelphia MS. 8680			
Brut y Brenhinoedd, incomplete	1375–1425	Philadelphia MS. 8680	44r-67v	93-188	Hywel Fychan
Lacuna in text, two folios missing	1375–1425	Philadelphia MS. 8680			
Brut y Brenhinoedd, incomplete	1375–1425	Philadelphia MS. 8680	68r-68v	189-191	Hywel Fychan
Fragment of Brut y Brenhinoedd, not transcribed	1375–1425	Philadelphia MS. 8680	69r-70v		15th or 16th century hand
Llyfr Blegywryd	1375–1425	Oxford Jesus College MS. 57	1-268	—	Hywel Fychan
4 pages missing	1375–1425	Oxford Jesus College MS. 57		—	
Llyfr Blegywryd	1375–1425	Oxford Jesus College MS. 57	269-303	—	Hywel Fychan
Llyfr Blegywryd	1375–1425	Oxford Jesus College MS. 57	303-304	—	Jesus 57 hand B
Ystoria Dared	1375–1425	Oxford Jesus College MS. 111 (The Red Book of Hergest)	1r-8r	1-29.39	Red Book hand A
Ystoria Dared	1375–1425	Oxford Jesus College MS. 111 (The Red Book of Hergest)	8r	29.39-30	Hywel Fychan
Brut y Brenhinoedd	1375–1425	Oxford Jesus College MS. 111 (The Red Book of Hergest)	8v-26v	31-104	Red Book hand A
folios missing	1375–1425	Oxford Jesus College MS. 111 (The Red Book of Hergest)			
Brut y Brenhinoedd	1375–1425	Oxford Jesus College MS. 111 (The Red Book of Hergest)	27r-58r	105-230.11	Red Book hand AI
Brut y Tywysogion	1375–1425	Oxford Jesus College MS. 111 (The Red Book of Hergest)	58r-89v	230.20-319, 340-376.8	Red Book hand A
Gildas Hen Broffwyd	1375–1425	Oxford Jesus College MS. 111 (The Red Book of Hergest)	89v-90r	376.9-377.18	Hywel Fychan
Cantrefi a Chymydau Cymru	1375–1425	Oxford Jesus College MS. 111 (The Red Book of Hergest)	90r-90v	377.23-380	Hywel Fychan
Ystoria Carolo Magno: Chronicl Turpin	1375–1425	Oxford Jesus College MS. 111 (The Red Book of Hergest)	91r-98r	381-409	Red Book hand A
Ystoria Carolo Magno: Rhamant Otfel	1375–1425	Oxford Jesus College MS. 111 (The Red Book of Hergest)	98r-111r	409-460	Red Book hand A
Ystoria Carolo Magno: Cân Rolant	1375–1425	Oxford Jesus College MS. 111 (The Red Book of Hergest)	111r-114v	460-475	Red Book hand A
A note in YCM states that a leaf is missing here. According to Gifford Charles Edwards's collation of the manuscript, however, there is no leaf missing; rather, the catchword at the bottom of 114v does not correspond to the first word of 115r.	1375–1425	Oxford Jesus College MS. 111 (The Red Book of Hergest)			
Ystoria Carolo Magno: Cân Rolant	1375–1425	Oxford Jesus College MS. 111 (The Red Book of Hergest)	115r-117r	476-484	Red Book hand A
Ystoria Carolo Magno: Chronicl Turpin	1375–1425	Oxford Jesus College MS. 111 (The Red Book of Hergest)	117r-121v	484-502	Red Book hand A
Delw'r Byd	1375–1425	Oxford Jesus College MS. 111 (The Red Book of Hergest)	121v-125r	502-516	Hywel Fychan
Chronicle	1375–1425	Oxford Jesus College MS. 111 (The Red Book of Hergest)	125r-125v	516-518	Hywel Fychan
Hwsmonaeth	1375–1425	Oxford Jesus College MS. 111 (The Red Book of Hergest)	126r-127v	520-527	Hywel Fychan
Saith Doethion Rhufain	1375–1425	Oxford Jesus College MS. 111 (The Red Book of Hergest)	127v-134v	527-555	Hywel Fychan
Breuddwyd Rhonabwy	1375–1425	Oxford Jesus College MS. 111 (The Red Book of Hergest)	134v-138v	555-571	Hywel Fychan
Proffwydoliaeth Sibli Ddoeth	1375–1425	Oxford Jesus College MS. 111 (The Red Book of Hergest)	139r-141r	571a-577	Hywel Fychan
Kyvoessi myrdin a gwendyd y chwaer, not transcribed	1375–1425	Oxford Jesus College MS. 111 (The Red Book of Hergest)	141r-142v	577-583	Hywel Fychan
Gwasgardgerd vyrdin yn y bed, not transcribed	1375–1425	Oxford Jesus College MS. 111 (The Red Book of Hergest)	143r	584-585	Hywel Fychan
Sant Awstin am dewder y ddaear	1375–1425	Oxford Jesus College MS. 111 (The Red Book of Hergest)	143r	585	Hywel Fychan
Hyn a ddywedodd yr Enaid	1375–1425	Oxford Jesus College MS. 111 (The Red Book of Hergest)	143r	585	Hywel Fychan
Yr Eryr yng Nghaer Septon	1375–1425	Oxford Jesus College MS. 111 (The Red Book of Hergest)	143r-144r	585-588	Hywel Fychan
Trioedd Ynys Prydain	1375–1425	Oxford Jesus College MS. 111 (The Red Book of Hergest)	144r	588	Hywel Fychan
Pan aeth llu i Lychlyn	1375–1425	Oxford Jesus College MS. 111 (The Red Book of Hergest)	144r	588-589	Hywel Fychan
Trioedd Ynys Prydain	1375–1425	Oxford Jesus College MS. 111 (The Red Book of Hergest)	144r-147r	589-600	Hywel Fychan
Cas Bethau	1375–1425	Oxford Jesus College MS. 111 (The Red Book of Hergest)	147r	600	Hywel Fychan
Enwau ac Anrhyfeddodau Ynys Prydain	1375–1425	Oxford Jesus College MS. 111 (The Red Book of Hergest)	147r-148r	600-604	Hywel Fychan
blank	1375–1425	Oxford Jesus College MS. 111 (The Red Book of Hergest)	148v		
Ystoria Carolo Magno: Pererindod Siarlymaen	1375–1425	Oxford Jesus College MS. 111 (The Red Book of Hergest)	149r-154r	605-626	Red Book hand A
Owain	1375–1425	Oxford Jesus College MS. 111 (The Red Book of Hergest)	154v-161v	627-655	Hywel Fychan
Peredur	1375–1425	Oxford Jesus College MS. 111 (The Red Book of Hergest)	161v-172r	655-697	Hywel Fychan
Breuddwyd Macsen	1375–1425	Oxford Jesus College MS. 111 (The Red Book of Hergest)	172r-174r	697-705	Hywel Fychan
Cyfranc Lludd a Llefelys	1375–1425	Oxford Jesus College MS. 111 (The Red Book of Hergest)	174r-175r	705-710	Hywel Fychan
Y gainc gyntaf	1375–1425	Oxford Jesus College MS. 111 (The Red Book of Hergest)	175r-179v	710-726	Hywel Fychan
Yr ail gainc	1375–1425	Oxford Jesus College MS. 111 (The Red Book of Hergest)	179v-182v	726-739	Hywel Fychan
Y drydedd gainc	1375–1425	Oxford Jesus College MS. 111 (The Red Book of Hergest)	182v-185v	739-751	Hywel Fychan
Y bedwaredd gainc	1375–1425	Oxford Jesus College MS. 111 (The Red Book of Hergest)	185v-190r	751-769	Hywel Fychan
Geraint	1375–1425	Oxford Jesus College MS. 111 (The Red Book of Hergest)	190r-200r	769-809	Hywel Fychan
Culhwch ac Olwen	1375–1425	Oxford Jesus College MS. 111 (The Red Book of Hergest)	200v-210r	810-844	Hywel Fychan
Ystoria Bown de Hamtwn	1375–1425	Oxford Jesus College MS. 111 (The Red Book of Hergest)	210r-231r	845-928	Hywel Fychan
Meddyginiaethau	1375–1425	Oxford Jesus College MS. 111 (The Red Book of Hergest)	231r-233v	928-939	Hywel Fychan
Y Misoedd	1375–1425	Oxford Jesus College MS. 111 (The Red Book of Hergest)	233v	939	Hywel Fychan
Gollwng Gwaed	1375–1425	Oxford Jesus College MS. 111 (The Red Book of Hergest)	234r	940	Hywel Fychan
Argoelion y Flwyddyn	1375–1425	Oxford Jesus College MS. 111 (The Red Book of Hergest)	234r	940-941	Hywel Fychan
Meddyginiaethau	1375–1425	Oxford Jesus College MS. 111 (The Red Book of Hergest)	234r-235r	941-945	Hywel Fychan
Campau'r Cennin	1375–1425	Oxford Jesus College MS. 111 (The Red Book of Hergest)	235r-235v	945-947	Hywel Fychan
Ansoddau'r Trwnc	1375–1425	Oxford Jesus College MS. 111 (The Red Book of Hergest)	235v-236v	947-950	Hywel Fychan
Meddyginiaethau	1375–1425	Oxford Jesus College MS. 111 (The Red Book of Hergest)	236v	950-951	Hywel Fychan
Latin medical text, not transcribed	1375–1425	Oxford Jesus College MS. 111 (The Red Book of Hergest)	236v-237r	951-955	Hywel Fychan
Meddyginiaethau	1375–1425	Oxford Jesus College MS. 111 (The Red Book of Hergest)	237v-238r	955-956	Hywel Fychan
Llythyr Aristotlys at Alecsander: Rheolau Iechyd	1375–1425	Oxford Jesus College MS. 111 (The Red Book of Hergest)	238r-238v	956-959	Hywel Fychan
Diarhebion	1375–1425	Oxford Jesus College MS. 111 (The Red Book of Hergest)	239r-242v	960-974	Hywel Fychan
Mabiaith Hengyrys o Iâl	1375–1425	Oxford Jesus College MS. 111 (The Red Book of Hergest)	242v	974-975	Hywel Fychan
Delw'r Byd	1375–1425	Oxford Jesus College MS. 111 (The Red Book of Hergest)	242v-248v	975-998	Hywel Fychan
O'r Ddaear hyd at y Lloer	1375–1425	Oxford Jesus College MS. 111 (The Red Book of Hergest)	248v	998-999	Hywel Fychan
Brut y Saeson	1375–1425	Oxford Jesus College MS. 111 (The Red Book of Hergest)	248v-253v	999-1019	Hywel Fychan
O Oes Gwrtheyrn Gwrthenau	1375–1425	Oxford Jesus College MS. 111 (The Red Book of Hergest)	254r-254v	1020-1022	Hywel Fychan
blank	1375–1425	Oxford Jesus College MS. 111 (The Red Book of Hergest)	254v	1023	
blank	1375–1425	Oxford Jesus College MS. 111 (The Red Book of Hergest)	255r		
Poetry, not transcribed	1375–1425	Oxford Jesus College MS. 111 (The Red Book of Hergest)	255v-263v	1024-1057	Hywel Fychan
Diarhebion	1375–1425	Oxford Jesus College MS. 111 (The Red Book of Hergest)	264r-270v	1057-1083	Hywel Fychan
Amlyn ac Amig	1375–1425	Oxford Jesus College MS. 111 (The Red Book of Hergest)	271r-278v	1085-1115	Hywel Fychan
blank	1375–1425	Oxford Jesus College MS. 111 (The Red Book of Hergest)	278v	1116	
Gramadeg y Penceirddiaid	1375–1425	Oxford Jesus College MS. 111 (The Red Book of Hergest)	279r-285r	1117-1142	Hywel Fychan
Poetry, not transcribed	1375–1425	Oxford Jesus College MS. 111 (The Red Book of Hergest)	285v-302v	1142-1212	Hywel Fychan and X91
note, Peniarth and Hengwrt designations	1375–1425	NLW MS. Peniarth 32 (Y Llyfr Teg)	i r	—	J. Gwenogvryn Evans
blank	1375–1425	NLW MS. Peniarth 32 (Y Llyfr Teg)	i v-ii r	—	
Fragment of an unidentified Latin text used in binding; not transcribed	1375–1425	NLW MS. Peniarth 32 (Y Llyfr Teg)	iii v	—	
blank	1375–1425	NLW MS. Peniarth 32 (Y Llyfr Teg)	iv r-iv v	—	
manuscript designations	1375–1425	NLW MS. Peniarth 32 (Y Llyfr Teg)	v r	—	several modern hand
blank	1375–1425	NLW MS. Peniarth 32 (Y Llyfr Teg)	v v	—	
note	1375–1425	NLW MS. Peniarth 32 (Y Llyfr Teg)	vi r	—	modern hand
blank	1375–1425	NLW MS. Peniarth 32 (Y Llyfr Teg)	vi v-vii r	—	
Notes on contents dated 1662	1375–1425	NLW MS. Peniarth 32 (Y Llyfr Teg)	vii v	—	William Maurice
Llyfr Iorwerth	1375–1425	NLW MS. Peniarth 32 (Y Llyfr Teg)	1-224	—	X91
Latin chronicle dating to 1404, not transcribed	1375–1425	NLW MS. Peniarth 32 (Y Llyfr Teg)	225-229	—	Peniarth 32 hand B
O Oes Gwrtheyrn Gwrthenau	1375–1425	NLW MS. Peniarth 32 (Y Llyfr Teg)	229-233	—	Peniarth 32 hand B
Breuddwyd Pawl	1375–1425	NLW MS. Peniarth 32 (Y Llyfr Teg)	234-238	—	Peniarth 32 hand C
Ystoria Adda	1375–1425	NLW MS. Peniarth 32 (Y Llyfr Teg)	238-241	—	Peniarth 32 hand C
Ystoria Adda	1375–1425	NLW MS. Peniarth 32 (Y Llyfr Teg)	242-250	—	Peniarth 32 hand B
Brut y Saeson	1375–1425	NLW MS. Peniarth 32 (Y Llyfr Teg)	251-265	—	Peniarth 32 hand D
blank	1375–1425	NLW MS. Peniarth 32 (Y Llyfr Teg)	266-269	—	
note	1375–1425	NLW MS. Peniarth 32 (Y Llyfr Teg)	133a	—	modern hand
letter dated 1863	1375–1425	NLW MS. Peniarth 32 (Y Llyfr Teg)	133b-133c	—	William Skene
Englynion i'r Offeren, not transcribed	1375–1425	NLW MS. Peniarth 32 (Y Llyfr Teg)	270-272	—	Peniarth 32 hand E
Rhinweddau Gwrando Offeren	1375–1425	NLW MS. Peniarth 32 (Y Llyfr Teg)	272-275	—	Peniarth 32 hand E
blank	1375–1425	NLW MS. Peniarth 32 (Y Llyfr Teg)	276-280	—	
note on contents and Hengwrt designation	1375–1425	NLW MS. Peniarth 32 (Y Llyfr Teg)	281	—	J. Gwenogvryn Evans et al.
Hengwrt manuscript designation	1375–1425	NLW MS. Peniarth 32 (Y Llyfr Teg)	282	—	modern hand
Peniarth manuscript designation	1375–1425	NLW MS. Peniarth 32 (Y Llyfr Teg)	283	—	modern hand
notes on contents	1375–1425	NLW MS. Peniarth 32 (Y Llyfr Teg)	284	—	several modern hands
Ystoria Lucidar	1375–1425	NLW MS. Peniarth 190	1-165	—	X91
blank	1375–1425	NLW MS. Peniarth 190	166	—	
Ymborth yr Enaid	1375–1425	NLW MS. Peniarth 190	167-224	—	X91
Penityas	1375–1425	NLW MS. Peniarth 190	224-279	—	X91
blank	1375–1425	NLW MS. Peniarth 19	i-iii		
Hengwrt designation	1375–1425	NLW MS. Peniarth 19	iv r		modern hand
blank	1375–1425	NLW MS. Peniarth 19	iv v		
bookplate	1375–1425	NLW MS. Peniarth 19	v r		
Latin printed text used in binding	1375–1425	NLW MS. Peniarth 19	v v		
note	1375–1425	NLW MS. Peniarth 19	vi r		J. Gwenogvryn Evans
blank	1375–1425	NLW MS. Peniarth 19	vi v		
notes on contents	1375–1425	NLW MS. Peniarth 19	vii r		J. Gwenogvryn Evans
blank	1375–1425	NLW MS. Peniarth 19	vii v		
notes on contents	1375–1425	NLW MS. Peniarth 19	viii r		J. Gwenogvryn Evans
blank	1375–1425	NLW MS. Peniarth 19	viii v		
fragment of Ystoria Dared; not transcribed	1375–1425	NLW MS. Peniarth 19	1r-1v		later hand
Ystoria Dared	1375–1425	NLW MS. Peniarth 19	2r-17r	5-66	X91
Brut y Brenhinoedd	1375–1425	NLW MS. Peniarth 19	17v-39v	67-156	X91
one page missing	1375–1425	NLW MS. Peniarth 19		157-160	
Brut y Brenhinoedd	1375–1425	NLW MS. Peniarth 19	40r-47v	161-192	X91
one page missing	1375–1425	NLW MS. Peniarth 19		193-196	
Brut y Brenhinoedd	1375–1425	NLW MS. Peniarth 19	48r-77r	197-314	X91
Brut y Brenhinoedd, not transcribed, poor condition	1375–1425	NLW MS. Peniarth 19	77v	315-316	X91
five pages missing	1375–1425	NLW MS. Peniarth 19		317-356	
Brut y Brenhinoedd	1375–1425	NLW MS. Peniarth 19	78r-99r	357-441	X91
Note, 1635	1375–1425	NLW MS. Peniarth 19	99r	442	Jones
Brut y Tywysogion	1375–1425	NLW MS. Peniarth 19	99v-151v	443-652	X91
two pages missing	1375–1425	NLW MS. Peniarth 19		653-660	
Brut y Tywysogion	1375–1425	NLW MS. Peniarth 19	152r-153r	661-665	X91
Brut y Saeson	1375–1425	NLW MS. Peniarth 19	153r-155v	665-676	X91
Latin printed text used in binding	1375–1425	NLW MS. Peniarth 19	end		
Claddedigaeth Arthur	1375–1425	NLW MS. Llanstephan 4	1r-3v	—	X91
folios missing; lacuna in text	1375–1425	NLW MS. Llanstephan 4		—	
Claddedigaeth Arthur	1375–1425	NLW MS. Llanstephan 4	4r-5r	—	X91
Chwedlau Odo	1375–1425	NLW MS. Llanstephan 4	5v-17r	—	X91
note in later hand	1375–1425	NLW MS. Llanstephan 4	17v	—	
folios missing; lacuna in text	1375–1425	NLW MS. Llanstephan 4		—	
Buchedd Dewi, incomplete, beginning wanting	1375–1425	NLW MS. Llanstephan 4	18r-19v	—	X91
folios missing; lacuna in text	1375–1425	NLW MS. Llanstephan 4		—	
Buchedd Dewi, incomplete, beginning wanting	1375–1425	NLW MS. Llanstephan 4	20r-21v	—	X91
illegible text, not transcribed	1375–1425	NLW MS. Llanstephan 4	22r	—	-
Bwystorïau, fragment	1375–1425	NLW MS. Llanstephan 4	22v-23v	—	X91
folios missing	1375–1425	NLW MS. Llanstephan 4	-	—	
Buchedd Dewi, incomplete, beginning wanting	1375–1425	NLW MS. Llanstephan 4	24r-27v	—	X91
Buchedd Beuno	1375–1425	NLW MS. Llanstephan 4	28r-35r	—	X91
Breuddwyd Pawl	1375–1425	NLW MS. Llanstephan 4	35v-38r	—	X91
Purdan Padrig, incomplete	1375–1425	NLW MS. Llanstephan 4	38r-43v	—	X91
2 folios missing	1375–1425	NLW MS. Llanstephan 4		—	
Purdan Padrig, incomplete	1375–1425	NLW MS. Llanstephan 4	44r-53v	—	X91
Notes on the locations of a number of tracts in the manuscript	1400–1450	NLW MS. Peniarth 33	iv	—	>
Signature of William Morris dated 1662	1400–1450	NLW MS. Peniarth 33	v	—	William Maurice
Mixed notes on the contents of the manuscript	1400–1450	NLW MS. Peniarth 33	vi	—	unknown
Note in the hand of J. Gwenogvryn Evans?	1400–1450	NLW MS. Peniarth 33	vii	—	?Evans
Llyfr Blegywryd	1400–1450	NLW MS. Peniarth 33	1-186	—	Peniarth 33 hand A
